"set","setInf","locx","locy","time","genoID"
15,1,3.14513658412059,2.08701639344265,0,2748430054676411
21,1,5.60182303245884,6.85478656968628,37,7672042595607611
3,1,5.19927272727327,2.55909356313043,40,3079778059731611
15,2,3.14513658412059,2.08701639344265,41,2184931452930971
30,1,6.02193577566731,6.31965714285713,44,3169955325200015
15,3,3.14513658412059,2.08701639344265,45,7812643190261747
30,2,6.02193577566731,6.31965714285713,61,3625150756802459
15,4,3.14513658412059,2.08701639344265,62,3343679236129947
5,1,5.42108626198161,3.65709192916844,64,3326498225570843
30,3,6.02193577566731,6.31965714285713,65,7847277789498905
15,5,3.14513658412059,2.08701639344265,66,7847415228680177
15,6,3.14513658412059,2.08701639344265,66,5560434197061145
15,7,3.14513658412059,2.08701639344265,67,7814292063438747
30,4,6.02193577566731,6.31965714285713,67,7777046081234490
30,5,6.02193577566731,6.31965714285713,67,7777046081234490
3,2,5.19927272727327,2.55909356313043,68,3308493656048059
3,3,5.19927272727327,2.55909356313043,68,3326051348149657
22,1,2.00289321409775,4.52562162162161,68,3310693685970523
15,8,3.14513658412059,2.08701639344265,69,6565796987588243
30,6,6.02193577566731,6.31965714285713,69,529035803018269
32,1,6.68026905829644,6.19239457831331,69,3308494880698143
15,10,3.14513658412059,2.08701639344265,70,3343677826843323
15,11,3.14513658412059,2.08701639344265,70,3345876716013106
15,12,3.14513658412059,2.08701639344265,70,3308562509786779
15,9,3.14513658412059,2.08701639344265,70,4469575926082523
21,2,5.60182303245884,6.85478656968628,70,4436592737177242
30,7,6.02193577566731,6.31965714285713,70,1091878342541499
30,8,6.02193577566731,6.31965714285713,70,7638508019172283
15,13,3.14513658412059,2.08701639344265,71,8973177696555929
15,14,3.14513658412059,2.08701639344265,71,3310690666074651
15,15,3.14513658412059,2.08701639344265,71,3062203051460507
30,10,6.02193577566731,6.31965714285713,71,7656080508469979
30,9,6.02193577566731,6.31965714285713,71,3361267362090555
15,16,3.14513658412059,2.08701639344265,72,7812093442375851
21,3,5.60182303245884,6.85478656968628,72,7849457485145307
32,2,6.68026905829644,6.19239457831331,72,7849476779460251
21,4,5.60182303245884,6.85478656968628,73,7161182516729563
3,4,5.19927272727327,2.55909356313043,73,4436734437551385
30,11,6.02193577566731,6.31965714285713,73,7585593552594459
22,2,2.00289321409775,4.52562162162161,73,3308768567542939
15,17,3.14513658412059,2.08701639344265,74,7093116764736155
15,18,3.14513658412059,2.08701639344265,74,7566350152943422
15,19,3.14513658412059,2.08701639344265,74,7847420396094811
3,5,5.19927272727327,2.55909356313043,74,7864870848283289
30,12,6.02193577566731,6.31965714285713,74,7814292449315481
30,13,6.02193577566731,6.31965714285713,74,7814979266659730
30,14,6.02193577566731,6.31965714285713,74,3238679096377531
5,2,5.42108626198161,3.65709192916844,74,7867073277280443
8,1,3.66735471578293,7.21564889080905,74,3308631078267579
21,5,5.60182303245884,6.85478656968628,75,3310692805166744
30,15,6.02193577566731,6.31965714285713,75,493743821342107
30,16,6.02193577566731,6.31965714285713,75,3346011940245403
32,3,6.68026905829644,6.19239457831331,75,3308476610436763
15,20,3.14513658412059,2.08701639344265,77,3363460815307675
15,21,3.14513658412059,2.08701639344265,77,7814840048993433
3,6,5.19927272727327,2.55909356313043,77,7812090901048475
30,17,6.02193577566731,6.31965714285713,77,3293100258388665
30,18,6.02193577566731,6.31965714285713,78,7812735279877817
22,3,2.00289321409775,4.52562162162161,78,8938542677673119
22,4,2.00289321409775,4.52562162162161,79,3310662748491707
15,22,3.14513658412059,2.08701639344265,80,3308768651505307
21,6,5.60182303245884,6.85478656968628,80,7847277420662427
30,19,6.02193577566731,6.31965714285713,80,7814289470842291
15,23,3.14513658412059,2.08701639344265,81,7831884366892187
3,7,5.19927272727327,2.55909356313043,81,7814292474482139
30,20,6.02193577566731,6.31965714285713,81,1059663678064538
5,3,5.42108626198161,3.65709192916844,82,3310692813555385
32,4,6.68026905829644,6.19239457831331,82,3346117703911067
15,24,3.14513658412059,2.08701639344265,83,4153174036179611
3,8,5.19927272727327,2.55909356313043,83,3275508374358939
30,21,6.02193577566731,6.31965714285713,83,3308631212485563
5,4,5.42108626198161,3.65709192916844,83,2747879770594971
22,5,2.00289321409775,4.52562162162161,83,3310692796784283
21,7,5.60182303245884,6.85478656968628,84,8938265920717723
30,22,6.02193577566731,6.31965714285713,85,3079775784290235
15,25,3.14513658412059,2.08701639344265,86,7794638250623803
30,23,6.02193577566731,6.31965714285713,86,3345876784562968
30,24,6.02193577566731,6.31965714285713,86,3308460420400825
5,5,5.42108626198161,3.65709192916844,86,3361408777219635
15,26,3.14513658412059,2.08701639344265,88,7110602414942875
22,6,2.00289321409775,4.52562162162161,88,3310696554448571
30,25,6.02193577566731,6.31965714285713,89,1091878382259866
30,26,6.02193577566731,6.31965714285713,90,8937972990536475
32,5,6.68026905829644,6.19239457831331,90,3343679235870715
3,9,5.19927272727327,2.55909356313043,91,7812922346098219
3,10,5.19927272727327,2.55909356313043,92,353521597450651
30,27,6.02193577566731,6.31965714285713,92,1056693968227899
5,6,5.42108626198161,3.65709192916844,92,3346415046415515
15,27,3.14513658412059,2.08701639344265,93,3064400027896763
22,7,2.00289321409775,4.52562162162161,94,3273309401435067
22,8,2.00289321409775,4.52562162162161,95,3343678094764959
30,28,6.02193577566731,6.31965714285713,96,1059442755650779
8,2,3.66735471578293,7.21564889080905,96,5562490479756473
30,29,6.02193577566731,6.31965714285713,97,3027017739980731
5,7,5.42108626198161,3.65709192916844,97,3361267934611098
22,9,2.00289321409775,4.52562162162161,97,3343678850262569
15,28,3.14513658412059,2.08701639344265,98,7585594022094747
30,30,6.02193577566731,6.31965714285713,98,3290902661220923
30,31,6.02193577566731,6.31965714285713,98,1058890852394651
22,10,2.00289321409775,4.52562162162161,99,2780728145761971
26,1,3.33629032258034,6.1503819223425,99,3273306264077275
30,32,6.02193577566731,6.31965714285713,101,7867070056006315
22,11,2.00289321409775,4.52562162162161,101,7674104708463259
30,33,6.02193577566731,6.31965714285713,102,7812093048582043
21,8,5.60182303245884,6.85478656968628,103,3062750525574811
30,34,6.02193577566731,6.31965714285713,103,7020415852803739
30,35,6.02193577566731,6.31965714285713,104,3081998320854939
30,36,6.02193577566731,6.31965714285713,106,5595722453669531
22,12,2.00289321409775,4.52562162162161,106,8957784198268443
15,29,3.14513658412059,2.08701639344265,107,4434393697141819
15,30,3.14513658412059,2.08701639344265,107,3308491644784281
22,13,2.00289321409775,4.52562162162161,107,3308493421201307
8,3,3.66735471578293,7.21564889080905,107,3345996404542906
15,31,3.14513658412059,2.08701639344265,108,3346005564895034
3,11,5.19927272727327,2.55909356313043,108,3343953040294075
30,37,6.02193577566731,6.31965714285713,109,3310829707224987
22,14,2.00289321409775,4.52562162162161,109,3308497816831035
15,32,3.14513658412059,2.08701639344265,111,7286524309466779
21,9,5.60182303245884,6.85478656968628,111,7829669497311899
3,12,5.19927272727327,2.55909356313043,111,3308495937258943
22,15,2.00289321409775,4.52562162162161,111,7812093031270075
22,16,2.00289321409775,4.52562162162161,111,5560293520103323
22,17,2.00289321409775,4.52562162162161,111,3222731514235611
5,8,5.42108626198161,3.65709192916844,112,3029222133379355
22,18,2.00289321409775,4.52562162162161,112,7812365913212603
15,33,3.14513658412059,2.08701639344265,113,3308494671104691
30,38,6.02193577566731,6.31965714285713,113,3310812602832163
30,39,6.02193577566731,6.31965714285713,113,3310967699863195
30,40,6.02193577566731,6.31965714285713,113,3062200618755611
30,41,6.02193577566731,6.31965714285713,113,3363469237472955
32,6,6.68026905829644,6.19239457831331,113,7812094508188315
15,34,3.14513658412059,2.08701639344265,114,3273310357810107
15,35,3.14513658412059,2.08701639344265,114,7779107984949947
3,13,5.19927272727327,2.55909356313043,114,3009383577162770
30,42,6.02193577566731,6.31965714285713,114,1059443359664027
22,19,2.00289321409775,4.52562162162161,115,3361270348141467
30,43,6.02193577566731,6.31965714285713,116,3345881463836603
15,36,3.14513658412059,2.08701639344265,117,1056685403467421
15,37,3.14513658412059,2.08701639344265,117,7250242908769499
3,14,5.19927272727327,2.55909356313043,117,2746091176316891
15,38,3.14513658412059,2.08701639344265,120,7847277420144314
30,44,6.02193577566731,6.31965714285713,120,7815117074648987
15,39,3.14513658412059,2.08701639344265,125,1056685403467675
3,15,5.19927272727327,2.55909356313043,125,2587211740267419
3,16,5.19927272727327,2.55909356313043,125,3310659561122458
30,45,6.02193577566731,6.31965714285713,125,3134913619715115
30,46,6.02193577566731,6.31965714285713,129,3311240019234491
8,4,3.66735471578293,7.21564889080905,129,3064401839807547
22,20,2.00289321409775,4.52562162162161,131,3345874584919739
30,47,6.02193577566731,6.31965714285713,133,7867023516025393
22,21,2.00289321409775,4.52562162162161,134,1059717616682651
22,22,2.00289321409775,4.52562162162161,135,2782377509963515
22,23,2.00289321409775,4.52562162162161,136,3308494931150009
15,40,3.14513658412059,2.08701639344265,137,3082234831104091
3,17,5.19927272727327,2.55909356313043,137,7076030548077459
5,9,5.42108626198161,3.65709192916844,137,1076588248454091
21,10,5.60182303245884,6.85478656968628,138,2747879762227003
30,48,6.02193577566731,6.31965714285713,138,8375180810054843
30,49,6.02193577566731,6.31965714285713,138,4191132118205627
30,50,6.02193577566731,6.31965714285713,138,7812368228468369
30,51,6.02193577566731,6.31965714285713,139,3308493823853243
5,10,5.42108626198161,3.65709192916844,139,3310692813033401
22,24,2.00289321409775,4.52562162162161,139,7814292440933051
30,52,6.02193577566731,6.31965714285713,140,7812093451191819
22,25,2.00289321409775,4.52562162162161,140,4471778081818267
15,41,3.14513658412059,2.08701639344265,141,3343815601342367
30,53,6.02193577566731,6.31965714285713,141,2607002821644987
22,26,2.00289321409775,4.52562162162161,141,8940162181810841
22,27,2.00289321409775,4.52562162162161,141,1056968485400218
15,42,3.14513658412059,2.08701639344265,142,4454313762810075
3,18,5.19927272727327,2.55909356313043,142,7814825016938139
3,19,5.19927272727327,2.55909356313043,142,4454313762810075
21,11,5.60182303245884,6.85478656968628,143,7779105652949915
21,12,5.60182303245884,6.85478656968628,143,3275645880534171
30,54,6.02193577566731,6.31965714285713,143,3873624513338811
30,55,6.02193577566731,6.31965714285713,143,3361271404872635
30,56,6.02193577566731,6.31965714285713,143,2765317866296735
22,28,2.00289321409775,4.52562162162161,143,3363744249595323
22,29,2.00289321409775,4.52562162162161,143,1094074955526075
26,2,3.33629032258034,6.1503819223425,143,3308460304549913
15,43,3.14513658412059,2.08701639344265,144,8975514183463451
15,44,3.14513658412059,2.08701639344265,144,1059440322964635
30,57,6.02193577566731,6.31965714285713,144,8781866582459001
22,30,2.00289321409775,4.52562162162161,144,3311240136672927
15,45,3.14513658412059,2.08701639344265,145,3135166073323675
3,20,5.19927272727327,2.55909356313043,145,3343678162393018
30,58,6.02193577566731,6.31965714285713,145,7847277654984603
15,46,3.14513658412059,2.08701639344265,146,3027018461272251
15,47,3.14513658412059,2.08701639344265,146,7812092880801499
3,21,5.19927272727327,2.55909356313043,146,3326085984740667
30,59,6.02193577566731,6.31965714285713,146,3891205760665755
22,31,2.00289321409775,4.52562162162161,146,3308476612538267
21,13,5.60182303245884,6.85478656968628,147,3343678967703227
21,14,5.60182303245884,6.85478656968628,147,3326085607249563
22,32,2.00289321409775,4.52562162162161,147,3871443676218651
22,33,2.00289321409775,4.52562162162161,147,3290901067383069
3,22,5.19927272727327,2.55909356313043,149,7812091253408699
3,23,5.19927272727327,2.55909356313043,149,8937976144642107
30,60,6.02193577566731,6.31965714285713,149,4452123120820923
26,3,3.33629032258034,6.1503819223425,149,8937976144642107
15,48,3.14513658412059,2.08701639344265,150,2464068491069115
3,24,5.19927272727327,2.55909356313043,150,8937993324515227
30,61,6.02193577566731,6.31965714285713,150,3311242283642849
30,62,6.02193577566731,6.31965714285713,150,4435078308196281
22,34,2.00289321409775,4.52562162162161,150,3343678161865755
22,35,2.00289321409775,4.52562162162161,151,3027017739980731
32,7,6.68026905829644,6.19239457831331,151,7849618177844923
8,5,3.66735471578293,7.21564889080905,151,4437142207776411
15,49,3.14513658412059,2.08701639344265,152,3064403282683579
3,25,5.19927272727327,2.55909356313043,152,3308494394279834
15,50,3.14513658412059,2.08701639344265,153,3308766235510456
3,26,5.19927272727327,2.55909356313043,153,3309047857597979
3,27,5.19927272727327,2.55909356313043,153,4471914530883355
22,36,2.00289321409775,4.52562162162161,153,2745534877845401
15,51,3.14513658412059,2.08701639344265,154,3328385914563131
3,28,5.19927272727327,2.55909356313043,154,2605630982243259
22,37,2.00289321409775,4.52562162162161,154,3343678162397883
15,52,3.14513658412059,2.08701639344265,155,7213956676244273
3,29,5.19927272727327,2.55909356313043,156,5560293587176987
30,63,6.02193577566731,6.31965714285713,156,4469560888845851
30,64,6.02193577566731,6.31965714285713,156,7515226150725531
5,11,5.42108626198161,3.65709192916844,156,7653901047452443
5,12,5.42108626198161,3.65709192916844,156,3310692812752571
5,13,5.42108626198161,3.65709192916844,156,7812640220693529
32,8,6.68026905829644,6.19239457831331,156,3345868226610875
22,38,2.00289321409775,4.52562162162161,157,812599543121051
22,39,2.00289321409775,4.52562162162161,157,5560293603984826
30,65,6.02193577566731,6.31965714285713,158,7674242151534203
22,40,2.00289321409775,4.52562162162161,158,3029181197503627
30,66,6.02193577566731,6.31965714285713,183,3344094790741915
3,30,5.19927272727327,2.55909356313043,184,4434394301121467
30,67,6.02193577566731,6.31965714285713,184,3308457014609585
8,6,3.66735471578293,7.21564889080905,184,5560274008261275
21,15,5.60182303245884,6.85478656968628,185,3310692813528731
30,68,6.02193577566731,6.31965714285713,185,2728090079618075
26,4,3.33629032258034,6.1503819223425,185,4207069668106907
21,16,5.60182303245884,6.85478656968628,186,7814807769370266
3,31,5.19927272727327,2.55909356313043,186,7831884626968891
30,69,6.02193577566731,6.31965714285713,186,3328388078813594
30,70,6.02193577566731,6.31965714285713,186,3345877185644186
15,53,3.14513658412059,2.08701639344265,187,3310690648780475
30,71,6.02193577566731,6.31965714285713,187,7831866960039673
22,41,2.00289321409775,4.52562162162161,187,3308766251763483
30,72,6.02193577566731,6.31965714285713,188,1056833563051995
5,14,5.42108626198161,3.65709192916844,188,7671355931152019
32,9,6.68026905829644,6.19239457831331,188,7849614033864891
30,73,6.02193577566731,6.31965714285713,189,3029217827987995
30,74,6.02193577566731,6.31965714285713,189,3361408609471611
30,75,6.02193577566731,6.31965714285713,189,4436558362233019
30,76,6.02193577566731,6.31965714285713,190,3345842825911867
30,77,6.02193577566731,6.31965714285713,190,7812351056823963
22,42,2.00289321409775,4.52562162162161,190,3310691874034841
3,32,5.19927272727327,2.55909356313043,191,3308457048329747
22,43,2.00289321409775,4.52562162162161,191,2044722916673305
15,54,3.14513658412059,2.08701639344265,192,4207899452034715
21,17,5.60182303245884,6.85478656968628,192,1058892666426779
30,78,6.02193577566731,6.31965714285713,192,2781283132171963
5,15,5.42108626198161,3.65709192916844,192,2167335525573513
3,33,5.19927272727327,2.55909356313043,193,3310692813563579
30,79,6.02193577566731,6.31965714285713,193,3062203185679512
5,16,5.42108626198161,3.65709192916844,193,3308493727385115
30,80,6.02193577566731,6.31965714285713,194,3308768668209051
30,81,6.02193577566731,6.31965714285713,194,3308493723200571
15,55,3.14513658412059,2.08701639344265,195,3361261740681823
3,34,5.19927272727327,2.55909356313043,195,2780693849231003
3,35,5.19927272727327,2.55909356313043,195,3064403150555835
30,82,6.02193577566731,6.31965714285713,195,3308494866138331
30,83,6.02193577566731,6.31965714285713,196,3291279560851674
22,44,2.00289321409775,4.52562162162161,197,7814290276797843
21,18,5.60182303245884,6.85478656968628,199,7812643156709051
30,84,6.02193577566731,6.31965714285713,199,3029217820033467
30,85,6.02193577566731,6.31965714285713,199,7812777930185867
5,17,5.42108626198161,3.65709192916844,199,8937993326609051
5,18,5.42108626198161,3.65709192916844,200,3310673236642962
22,45,2.00289321409775,4.52562162162161,201,3062203168382490
30,86,6.02193577566731,6.31965714285713,203,8711495036488889
15,56,3.14513658412059,2.08701639344265,204,2184796824258190
3,36,5.19927272727327,2.55909356313043,204,3310830252476347
30,87,6.02193577566731,6.31965714285713,205,4436576480054683
22,46,2.00289321409775,4.52562162162161,206,7249690804119195
22,47,2.00289321409775,4.52562162162161,206,3310690137655963
22,48,2.00289321409775,4.52562162162161,206,3309034956181275
3,37,5.19927272727327,2.55909356313043,207,4434943455055403
22,49,2.00289321409775,4.52562162162161,207,3275512719655611
21,19,5.60182303245884,6.85478656968628,208,3029765453537587
3,38,5.19927272727327,2.55909356313043,208,1076622288808594
15,57,3.14513658412059,2.08701639344265,209,2571959427957273
21,20,5.60182303245884,6.85478656968628,209,3361235929981595
3,39,5.19927272727327,2.55909356313043,209,1091878350800155
30,88,6.02193577566731,6.31965714285713,209,1094043011696027
5,19,5.42108626198161,3.65709192916844,209,3168443227751611
5,20,5.42108626198161,3.65709192916844,209,3308493723199131
22,50,2.00289321409775,4.52562162162161,209,1461313083337371
22,51,2.00289321409775,4.52562162162161,209,4434935499769768
21,21,5.60182303245884,6.85478656968628,210,3079800656545435
3,40,5.19927272727327,2.55909356313043,210,3310696638742667
30,89,6.02193577566731,6.31965714285713,210,2798386597899963
21,22,5.60182303245884,6.85478656968628,211,3310692712894171
3,41,5.19927272727327,2.55909356313043,211,7847416285415323
30,90,6.02193577566731,6.31965714285713,211,1091876200959643
5,21,5.42108626198161,3.65709192916844,211,4469578071328443
21,23,5.60182303245884,6.85478656968628,212,3308491256944531
3,42,5.19927272727327,2.55909356313043,212,7814413303990171
30,91,6.02193577566731,6.31965714285713,212,3311242577727131
5,22,5.42108626198161,3.65709192916844,212,3309044149837979
22,52,2.00289321409775,4.52562162162161,212,3082269280854747
22,53,2.00289321409775,4.52562162162161,212,3311484882177563
22,54,2.00289321409775,4.52562162162161,212,3240325008376731
8,7,3.66735471578293,7.21564889080905,212,3062204007760403
15,58,3.14513658412059,2.08701639344265,213,1059446781953947
3,43,5.19927272727327,2.55909356313043,213,7814284924735163
3,44,5.19927272727327,2.55909356313043,213,1056693976620955
3,45,5.19927272727327,2.55909356313043,213,1057226552559387
30,92,6.02193577566731,6.31965714285713,213,7847277271242267
30,93,6.02193577566731,6.31965714285713,213,8973452037769147
22,55,2.00289321409775,4.52562162162161,213,3062202917224603
22,56,2.00289321409775,4.52562162162161,213,8973452037769115
22,57,2.00289321409775,4.52562162162161,213,3240289574897595
8,8,3.66735471578293,7.21564889080905,213,3290901587479547
3,46,5.19927272727327,2.55909356313043,214,7286664030113691
3,47,5.19927272727327,2.55909356313043,214,3345877168835227
22,58,2.00289321409775,4.52562162162161,214,3185895727351323
22,59,2.00289321409775,4.52562162162161,214,7109090394039994
22,60,2.00289321409775,4.52562162162161,214,3343675612251803
22,61,2.00289321409775,4.52562162162161,214,4188078262246321
30,94,6.02193577566731,6.31965714285713,215,7850164007258011
30,95,6.02193577566731,6.31965714285713,215,7812062992189115
30,96,6.02193577566731,6.31965714285713,215,7585735688643771
30,97,6.02193577566731,6.31965714285713,215,3345882352510782
30,98,6.02193577566731,6.31965714285713,215,8940192364032667
5,23,5.42108626198161,3.65709192916844,215,3081152380063507
5,24,5.42108626198161,3.65709192916844,215,3346014557480347
5,25,5.42108626198161,3.65709192916844,215,4188377701992091
22,62,2.00289321409775,4.52562162162161,215,4436592099116219
15,59,3.14513658412059,2.08701639344265,216,1074285692897163
30,100,6.02193577566731,6.31965714285713,216,3081994126246587
30,99,6.02193577566731,6.31965714285713,216,3080067095523227
5,26,5.42108626198161,3.65709192916844,216,8973177730162587
5,27,5.42108626198161,3.65709192916844,216,7812355412741755
32,10,6.68026905829644,6.19239457831331,216,7812093400891707
15,60,3.14513658412059,2.08701639344265,217,7848924522218909
15,61,3.14513658412059,2.08701639344265,217,1023708610481851
3,48,5.19927272727327,2.55909356313043,217,4399724720612251
3,49,5.19927272727327,2.55909356313043,217,7301919651724699
30,101,6.02193577566731,6.31965714285713,217,1058893032869563
30,102,6.02193577566731,6.31965714285713,217,3311484882177563
30,103,6.02193577566731,6.31965714285713,217,4296405021419035
32,11,6.68026905829644,6.19239457831331,217,1056698271127067
15,62,3.14513658412059,2.08701639344265,218,4207892993235611
3,50,5.19927272727327,2.55909356313043,218,3309026366211931
30,104,6.02193577566731,6.31965714285713,218,2643134301130459
30,105,6.02193577566731,6.31965714285713,218,3309043075810953
30,106,6.02193577566731,6.31965714285713,218,7847241014106043
5,28,5.42108626198161,3.65709192916844,218,7583361505223865
22,63,2.00289321409775,4.52562162162161,218,2748284042792603
22,64,2.00289321409775,4.52562162162161,218,1092153226611387
22,65,2.00289321409775,4.52562162162161,218,3308442250168219
22,66,2.00289321409775,4.52562162162161,218,3079792857243291
22,67,2.00289321409775,4.52562162162161,218,3925319746111251
15,63,3.14513658412059,2.08701639344265,219,3310692796778399
3,51,5.19927272727327,2.55909356313043,219,3344227649752971
3,52,5.19927272727327,2.55909356313043,219,3308768273908283
30,107,6.02193577566731,6.31965714285713,219,775218999903899
5,29,5.42108626198161,3.65709192916844,219,7812641026006459
5,30,5.42108626198161,3.65709192916844,219,7566353759528734
5,31,5.42108626198161,3.65709192916844,219,775218999903899
5,32,5.42108626198161,3.65709192916844,219,4436591981675955
22,68,2.00289321409775,4.52562162162161,219,1059442788714129
22,69,2.00289321409775,4.52562162162161,219,3310693903552186
22,70,2.00289321409775,4.52562162162161,219,1094074419171219
22,71,2.00289321409775,4.52562162162161,219,3308493389743769
22,72,2.00289321409775,4.52562162162161,219,7864869606713043
22,73,2.00289321409775,4.52562162162161,219,7864869606713043
21,24,5.60182303245884,6.85478656968628,220,3343677793097371
3,53,5.19927272727327,2.55909356313043,220,3310675264064027
30,108,6.02193577566731,6.31965714285713,220,3344202156919995
30,109,6.02193577566731,6.31965714285713,220,7812085817593531
5,33,5.42108626198161,3.65709192916844,220,830198389230745
22,74,2.00289321409775,4.52562162162161,220,2642331461010971
15,64,3.14513658412059,2.08701639344265,221,3310690666139387
15,65,3.14513658412059,2.08701639344265,221,7814289856841626
30,110,6.02193577566731,6.31965714285713,221,3311517430506651
30,111,6.02193577566731,6.31965714285713,221,3310675298141051
5,34,5.42108626198161,3.65709192916844,221,4434391063258299
22,75,2.00289321409775,4.52562162162161,221,3310827635330651
32,12,6.68026905829644,6.19239457831331,221,3291039915589883
32,13,6.68026905829644,6.19239457831331,221,3346843486187161
3,54,5.19927272727327,2.55909356313043,222,3311308940006427
3,55,5.19927272727327,2.55909356313043,222,7814289856841626
30,112,6.02193577566731,6.31965714285713,222,3029771887592987
30,113,6.02193577566731,6.31965714285713,222,2992107071267419
30,114,6.02193577566731,6.31965714285713,222,7831883553201947
30,115,6.02193577566731,6.31965714285713,222,3291026157771451
32,14,6.68026905829644,6.19239457831331,222,3310675298141051
32,15,6.68026905829644,6.19239457831331,222,3345874886902937
15,66,3.14513658412059,2.08701639344265,223,3326085993123513
15,67,3.14513658412059,2.08701639344265,223,2184758547048987
30,116,6.02193577566731,6.31965714285713,223,7847415014539963
30,117,6.02193577566731,6.31965714285713,223,1953892780003867
30,118,6.02193577566731,6.31965714285713,223,3308457282686617
30,119,6.02193577566731,6.31965714285713,223,3326086009966139
30,120,6.02193577566731,6.31965714285713,224,4451985885020843
22,76,2.00289321409775,4.52562162162161,224,7812093400892539
32,16,6.68026905829644,6.19239457831331,224,3308493823332251
21,25,5.60182303245884,6.85478656968628,225,3873634160296211
21,26,5.60182303245884,6.85478656968628,225,2483988918461339
21,27,5.60182303245884,6.85478656968628,225,3308619954933433
30,121,6.02193577566731,6.31965714285713,225,4417213836346000
30,122,6.02193577566731,6.31965714285713,225,531127082741483
30,123,6.02193577566731,6.31965714285713,225,531127082741739
30,124,6.02193577566731,6.31965714285713,225,3308619954933433
3,56,5.19927272727327,2.55909356313043,226,7794500300556603
30,125,6.02193577566731,6.31965714285713,226,3079795002623667
30,126,6.02193577566731,6.31965714285713,226,3081960060414395
15,68,3.14513658412059,2.08701639344265,227,3343675178147515
15,69,3.14513658412059,2.08701639344265,227,3308493790307995
3,57,5.19927272727327,2.55909356313043,227,3344639680966331
3,58,5.19927272727327,2.55909356313043,227,3308493790299929
30,127,6.02193577566731,6.31965714285713,227,4417213836346000
30,128,6.02193577566731,6.31965714285713,227,3345877053530259
30,129,6.02193577566731,6.31965714285713,227,3308459329867323
30,130,6.02193577566731,6.31965714285713,227,3308768668206819
30,131,6.02193577566731,6.31965714285713,227,4434535430868639
30,132,6.02193577566731,6.31965714285713,227,3343677893947291
22,77,2.00289321409775,4.52562162162161,227,2730117388094235
21,28,5.60182303245884,6.85478656968628,228,2745543820100922
30,133,6.02193577566731,6.31965714285713,228,7812095296850963
22,78,2.00289321409775,4.52562162162161,228,4487170255012491
22,79,2.00289321409775,4.52562162162161,228,3308498118304923
22,80,2.00289321409775,4.52562162162161,228,3308768668206819
3,59,5.19927272727327,2.55909356313043,229,4434535430868639
3,60,5.19927272727327,2.55909356313043,229,2780848467797145
3,61,5.19927272727327,2.55909356313043,229,4434393160271547
30,134,6.02193577566731,6.31965714285713,229,3308493656091323
30,135,6.02193577566731,6.31965714285713,229,7565801756085947
30,136,6.02193577566731,6.31965714285713,229,3064402208917266
21,29,5.60182303245884,6.85478656968628,230,8851131922695703
3,62,5.19927272727327,2.55909356313043,230,3308766086612637
30,137,6.02193577566731,6.31965714285713,230,4434889279327419
30,138,6.02193577566731,6.31965714285713,230,3080070862001803
22,81,2.00289321409775,4.52562162162161,230,3170509375456187
22,82,2.00289321409775,4.52562162162161,230,4451985885020811
3,63,5.19927272727327,2.55909356313043,231,3308493521865915
30,139,6.02193577566731,6.31965714285713,231,2780732487157403
30,140,6.02193577566731,6.31965714285713,231,3308498873271871
30,141,6.02193577566731,6.31965714285713,231,3310658386682907
30,142,6.02193577566731,6.31965714285713,231,7814292071809209
5,35,5.42108626198161,3.65709192916844,231,3310827836597563
22,83,2.00289321409775,4.52562162162161,231,3308631211952825
30,143,6.02193577566731,6.31965714285713,232,3310821595469339
30,144,6.02193577566731,6.31965714285713,232,3310821595469339
30,145,6.02193577566731,6.31965714285713,232,3310697107998779
5,36,5.42108626198161,3.65709192916844,232,3311345648586282
8,9,3.66735471578293,7.21564889080905,232,4469716380592955
30,146,6.02193577566731,6.31965714285713,233,777963483222715
15,70,3.14513658412059,2.08701639344265,234,7812231729008315
15,71,3.14513658412059,2.08701639344265,234,7812231729008315
30,147,6.02193577566731,6.31965714285713,234,495940882296467
22,84,2.00289321409775,4.52562162162161,234,2780732487157403
26,5,3.33629032258034,6.1503819223425,234,8427886417334171
30,148,6.02193577566731,6.31965714285713,235,3344354621836699
30,149,6.02193577566731,6.31965714285713,236,3343796273972883
26,6,3.33629032258034,6.1503819223425,236,2780828871876249
26,7,3.33629032258034,6.1503819223425,236,3310697964162747
22,85,2.00289321409775,4.52562162162161,237,5560293603990651
8,10,3.66735471578293,7.21564889080905,237,3343815332880027
22,86,2.00289321409775,4.52562162162161,238,3344193558463131
3,64,5.19927272727327,2.55909356313043,239,7565800279697051
22,87,2.00289321409775,4.52562162162161,239,7532817447440027
3,65,5.19927272727327,2.55909356313043,243,3011625650277475
22,88,2.00289321409775,4.52562162162161,244,3168848330932243
22,89,2.00289321409775,4.52562162162161,244,3310692545087027
3,66,5.19927272727327,2.55909356313043,245,7847964984231579
8,11,3.66735471578293,7.21564889080905,245,3170779589821115
3,67,5.19927272727327,2.55909356313043,246,3308622622551707
30,150,6.02193577566731,6.31965714285713,248,3310821645273755
15,72,3.14513658412059,2.08701639344265,249,3343678145095835
21,30,5.60182303245884,6.85478656968628,249,3346019858827002
30,151,6.02193577566731,6.31965714285713,249,4435492671079227
22,90,2.00289321409775,4.52562162162161,249,2219925739195963
5,37,5.42108626198161,3.65709192916844,250,3343644861684251
22,91,2.00289321409775,4.52562162162161,250,3343682373010971
5,38,5.42108626198161,3.65709192916844,251,4155100211498267
30,152,6.02193577566731,6.31965714285713,252,3310821645273755
22,92,2.00289321409775,4.52562162162161,252,3238125046123515
22,93,2.00289321409775,4.52562162162161,252,7812093417679787
15,73,3.14513658412059,2.08701639344265,253,4451931758315193
30,153,6.02193577566731,6.31965714285713,253,3309009228320401
30,154,6.02193577566731,6.31965714285713,253,3309009228320401
30,155,6.02193577566731,6.31965714285713,253,1091878340314683
30,156,6.02193577566731,6.31965714285713,253,3309043579677747
3,68,5.19927272727327,2.55909356313043,254,2871023185479483
30,157,6.02193577566731,6.31965714285713,254,812736746708123
32,17,6.68026905829644,6.19239457831331,254,3346565462543003
21,31,5.60182303245884,6.85478656968628,255,3345857724042267
30,158,6.02193577566731,6.31965714285713,255,3308493773505179
30,159,6.02193577566731,6.31965714285713,255,7814017026148251
5,39,5.42108626198161,3.65709192916844,255,3308476190608667
22,94,2.00289321409775,4.52562162162161,255,7814293531190811
26,8,3.33629032258034,6.1503819223425,255,3345999122421651
26,9,3.33629032258034,6.1503819223425,255,2763412008126362
30,160,6.02193577566731,6.31965714285713,256,3311242604496666
30,161,6.02193577566731,6.31965714285713,256,3310698114602011
30,162,6.02193577566731,6.31965714285713,256,8410362162247313
21,32,5.60182303245884,6.85478656968628,257,2183552978175163
21,33,5.60182303245884,6.85478656968628,257,4434393361597203
30,163,6.02193577566731,6.31965714285713,257,3311242370139707
30,164,6.02193577566731,6.31965714285713,257,3308493823863960
5,40,5.42108626198161,3.65709192916844,257,4348629105827994
21,34,5.60182303245884,6.85478656968628,258,7251889726736267
22,95,2.00289321409775,4.52562162162161,258,3308493790308027
3,69,5.19927272727327,2.55909356313043,259,7847393484916251
22,96,2.00289321409775,4.52562162162161,259,3291039915589883
22,97,2.00289321409775,4.52562162162161,259,7814800119218843
15,74,3.14513658412059,2.08701639344265,260,3064368925034233
3,70,5.19927272727327,2.55909356313043,260,7849614184564379
3,71,5.19927272727327,2.55909356313043,260,3311234012992955
3,72,5.19927272727327,2.55909356313043,260,3064385900954243
30,165,6.02193577566731,6.31965714285713,260,8937991160252091
30,166,6.02193577566731,6.31965714285713,260,7849614184564379
26,10,3.33629032258034,6.1503819223425,260,3310692813561491
22,98,2.00289321409775,4.52562162162161,261,3309043546113947
32,18,6.68026905829644,6.19239457831331,261,2517124121414387
15,75,3.14513658412059,2.08701639344265,262,3273446521586587
22,99,2.00289321409775,4.52562162162161,262,3310692478012953
15,76,3.14513658412059,2.08701639344265,263,7250243948964507
21,35,5.60182303245884,6.85478656968628,263,3308768709610555
22,100,2.00289321409775,4.52562162162161,263,3081032305535641
26,11,3.33629032258034,6.1503819223425,263,8851131922695703
21,36,5.60182303245884,6.85478656968628,264,3311242300935579
3,73,5.19927272727327,2.55909356313043,264,7674242147347866
5,41,5.42108626198161,3.65709192916844,264,7073219481497267
26,12,3.33629032258034,6.1503819223425,264,3311208218001722
15,77,3.14513658412059,2.08701639344265,265,2571906529948371
21,37,5.60182303245884,6.85478656968628,265,3343677624993178
30,167,6.02193577566731,6.31965714285713,265,7794501164002491
3,74,5.19927272727327,2.55909356313043,266,3345877177265323
3,75,5.19927272727327,2.55909356313043,266,3345877177265595
8,12,3.66735471578293,7.21564889080905,266,3168443127618875
3,76,5.19927272727327,2.55909356313043,267,3310692832431675
30,168,6.02193577566731,6.31965714285713,267,4436710295127177
30,169,6.02193577566731,6.31965714285713,267,3064399793014683
30,170,6.02193577566731,6.31965714285713,267,3308493253428123
30,171,6.02193577566731,6.31965714285713,267,3310693904076347
30,172,6.02193577566731,6.31965714285713,267,7847414826058937
30,173,6.02193577566731,6.31965714285713,267,7849567040892091
30,174,6.02193577566731,6.31965714285713,267,3343676014907065
30,175,6.02193577566731,6.31965714285713,268,3346426940909211
22,101,2.00289321409775,4.52562162162161,269,3310675667242003
30,176,6.02193577566731,6.31965714285713,270,3344347824966907
30,177,6.02193577566731,6.31965714285713,270,3027001566355101
30,178,6.02193577566731,6.31965714285713,270,3027001566355357
30,179,6.02193577566731,6.31965714285713,270,2745681292360891
32,19,6.68026905829644,6.19239457831331,270,3310691723038267
15,78,3.14513658412059,2.08701639344265,271,4471915403331291
15,79,3.14513658412059,2.08701639344265,271,4471915403331291
21,38,5.60182303245884,6.85478656968628,271,3310690447978419
21,39,5.60182303245884,6.85478656968628,271,4435497503805083
3,77,5.19927272727327,2.55909356313043,271,7794472039271067
3,78,5.19927272727327,2.55909356313043,271,3293100610732571
30,180,6.02193577566731,6.31965714285713,271,3309026366211931
8,13,3.66735471578293,7.21564889080905,271,3308491424722867
30,181,6.02193577566731,6.31965714285713,272,3310690380858915
30,182,6.02193577566731,6.31965714285713,272,3308631229263391
30,183,6.02193577566731,6.31965714285713,272,4437140045350875
8,14,3.66735471578293,7.21564889080905,273,3343682256036955
3,79,5.19927272727327,2.55909356313043,274,2745664095708313
30,184,6.02193577566731,6.31965714285713,274,3343679471013019
32,20,6.68026905829644,6.19239457831331,274,1056693976614651
32,21,6.68026905829644,6.19239457831331,274,7847277772982043
15,80,3.14513658412059,2.08701639344265,275,4487308566637339
32,22,6.68026905829644,6.19239457831331,275,3363456520344475
8,15,3.66735471578293,7.21564889080905,275,3310692821907082
5,42,5.42108626198161,3.65709192916844,276,5563030372404409
22,102,2.00289321409775,4.52562162162161,276,3308493706424227
10,1,1.5,1.5,277,3308491173021368
15,81,3.14513658412059,2.08701639344265,279,1059441681919994
21,40,5.60182303245884,6.85478656968628,279,4208169179734706
26,13,6.05806451612878,1.86473583704649,280,3343675527845659
11,1,6.81851371085472,1.5,281,4437142459434683
5,43,1.5,4.16880953772429,281,3345877168869017
32,23,6.68026905829644,6.19239457831331,281,1039100699263931
8,16,1.61146395681104,3.33943497943167,281,3326052472211355
5,44,5.42108626198161,3.65709192916844,282,3308493790036635
5,45,5.42108626198161,3.65709192916844,282,3326086899091739
22,103,2.00289321409775,4.52562162162161,282,3308903523475867
12,1,2.38725868725744,7.5,283,3079795354421913
22,104,2.00289321409775,4.52562162162161,283,1058890583428763
30,185,3.65558570782364,3.37965714285714,284,2780725658834747
30,186,6.02193577566731,6.31965714285713,284,3308494880821051
22,105,6.07969489742247,5.09464864864853,284,7847277772990395
13,1,3.10905349794419,1.5,285,7814296752672443
30,187,1.57507914970664,4.9857142857143,285,3345877185121947
14,1,1.5,2.44931743292016,287,8975380997490687
21,41,5.60182303245884,6.85478656968628,287,3871443726433946
22,106,2.00289321409775,4.52562162162161,287,3308631212483259
15,82,2.75146796017427,4.05265573770493,288,3308493588415515
21,42,5.60182303245884,6.85478656968628,288,1076485185916571
22,107,6.64150447133145,5.77037837837835,288,3346013550855577
22,108,2.00289321409775,4.52562162162161,289,3080054145074617
22,109,2.00289321409775,4.52562162162161,289,7672043056459290
3,80,5.19927272727327,2.55909356313043,290,5595469302220475
30,188,3.65558570782364,3.37965714285714,290,2763408736556947
32,24,6.68026905829644,6.19239457831331,290,3363469415202971
8,17,3.66735471578293,7.21564889080905,290,3080851563792155
2,1,7.5,2.7706031835668,291,2466267664795323
5,46,5.42108626198161,3.65709192916844,292,2219977280384665
30,189,6.02193577566731,6.31965714285713,293,3029217836843579
16,1,5.49892933618827,7.5,295,3290898970238187
17,1,5.11444256756748,5.34420810577745,296,7814292241696539
30,190,6.02193577566731,6.31965714285713,296,2765469339402907
2,2,3.13034085453795,2.84112166025477,297,951140893910939
18,1,6.77470534904802,3.57006175192503,297,3343678162388411
19,1,3.74799388612876,6.26619518816517,297,3326085976084369
30,191,3.65558570782364,3.37965714285714,297,3346014389193403
30,192,3.65558570782364,3.37965714285714,297,3346014389193403
22,110,6.64150447133145,5.77037837837835,299,7249261141746201
30,193,3.65558570782364,3.37965714285714,300,3029766116230203
5,47,5.42108626198161,3.65709192916844,300,3308494729831865
22,111,2.00289321409775,4.52562162162161,301,7674087326631451
32,25,7.45515695067299,4.8226656626506,303,3310656023219891
22,112,5.60625986322978,2.60821621621614,310,3082131833940634
22,113,5.60625986322978,2.60821621621614,310,2501589694474906
22,114,1.92398737506628,5.50005405405394,312,7814293447557819
22,115,2.00289321409775,4.52562162162161,312,3205277136252563
3,81,5.19927272727327,2.55909356313043,314,1057345871603387
5,48,5.42108626198161,3.65709192916844,314,5562492660795251
22,116,2.00289321409775,4.52562162162161,314,4469698328317083
22,117,2.00289321409775,4.52562162162161,315,3311319476121243
19,2,3.69755445166216,2.01143941927484,316,2941394345578426
32,26,2.13587443946114,3.06501004016066,316,3343677893936731
14,2,5.84757582466223,1.5,317,830194581425819
30,194,3.65558570782364,3.37965714285714,317,3308493421200827
32,27,5.58699551569551,5.07366967871493,317,3080069158848443
18,2,7.37941976427897,7.03880460471144,318,3326085984742843
19,3,6.12437905999227,5.0803120020459,318,3027294362029595
19,4,7.5,7.5,318,3311246847037339
20,1,3.5086083213782,2.59090909090909,318,4205692730010651
32,28,6.68026905829644,6.19239457831331,318,3311209082047635
15,83,6.14743426091482,6.80529274004683,319,7812093400903091
4,1,1.5,7.5,319,3062718564978073
5,49,5.42108626198161,3.65709192916844,319,3080070181994779
22,118,2.18700683850618,5.82437837837835,319,3310948104032243
22,119,2.00289321409775,4.52562162162161,319,4399346763746203
30,195,6.02193577566731,6.31965714285713,320,3080069158848443
30,196,7.01786521935745,2.12857142857138,320,3345875038160795
5,50,5.42108626198161,3.65709192916844,320,3309730724102939
30,197,1.5,7.25234285714285,321,1091877291226813
22,120,2.00289321409775,4.52562162162161,321,3346151946112690
15,84,3.14513658412059,2.08701639344265,322,7814434174848691
30,198,3.65558570782364,3.37965714285714,322,3308493823853307
5,51,5.42108626198161,3.65709192916844,322,2464069849990459
22,121,1.64518674381965,6.53237837837844,322,3081991895305279
22,122,3.41478169384495,2.06756756756749,322,7812076237807163
11,2,6.17012818432575,6.1432039349545,323,3345879131808923
19,5,6.98414214749695,7.14589931737256,323,3202938241312699
30,199,3.65558570782364,3.37965714285714,323,3310831275920249
30,200,7.5,6.62377142857141,323,4399896402346795
32,29,5.6614349775786,5.07366967871493,323,4296404604052890
26,14,6.05806451612878,1.86473583704649,323,5560297347400859
15,85,4.28784784273704,4.72712880562057,324,3361236860551419
11,3,6.35802368976138,2.2348781987407,324,4437142123629963
5,52,5.42108626198161,3.65709192916844,324,3308493790102939
15,86,7.34375797804357,6.37037002341923,325,1056698271565881
15,87,3.90183814143522,3.6592131147541,325,3310690649280411
11,4,3.3468278435818,3.70488901138511,325,3308635540997659
21,43,5.60182303245884,6.85478656968628,325,4487170255021019
4,2,7.5,1.5,325,3308614905024147
7,1,7.5,1.5,325,3909240051388155
30,201,3.65558570782364,3.37965714285714,325,810400922528394
5,53,4.32747603833796,2.33758985447961,325,3309043210573723
5,54,5.42108626198161,3.65709192916844,325,7864870948996795
22,123,6.41320357706461,1.5,325,3343681987734171
22,124,2.00289321409775,4.52562162162161,325,3308491147890203
8,18,6.05763734518843,3.92166162631249,325,3343798421481259
19,6,3.74799388612876,6.26619518816517,326,3240875706336827
21,44,5.60182303245884,6.85478656968628,326,7814274740438201
21,45,5.60182303245884,6.85478656968628,326,2745544709295099
23,1,7.40008764241409,7.5,326,3062885749943483
3,82,5.19927272727327,2.55909356313043,326,3308480938433299
30,202,3.65558570782364,3.37965714285714,326,1109470534715033
22,125,2.00289321409775,4.52562162162161,326,3135321707176539
26,15,3.33629032258034,6.1503819223425,326,4190302115253819
15,88,7.34375797804357,6.37037002341923,327,3310417935656473
15,89,4.92047485320407,2.70370960187353,327,5615232418077593
2,3,3.31757081133232,2.94298168213749,327,3308491626040283
16,2,3.06584582441072,4.72576271186409,327,3308491374382771
17,2,4.99155405405359,4.44610520264477,327,3363466888659611
21,46,7.5,4.98732642715445,327,7849751154059187
24,1,6.32033898305114,5.30263157894744,327,4416938765484723
30,203,5.05042966983203,4.46571428571427,327,3346410634006171
30,204,2.9626865671639,4.47142857142851,327,4278263045999386
30,205,2.9626865671639,4.47142857142851,327,2782924984075579
30,206,3.65558570782364,3.37965714285714,327,4278263045999386
30,207,7.19877883310643,3.34754285714284,327,7812643156676123
30,208,2.58548168249669,6.37611428571427,327,3310693820188314
22,126,6.44792214623932,3.82443243243246,327,7812059043235483
32,30,5.90627802690611,2.01142068273095,327,8938546888232619
26,16,3.67983870967733,4.18789783577335,327,4434391020654235
26,17,6.05806451612878,1.86473583704649,327,3310692729669531
15,90,3.14513658412059,2.08701639344265,328,7847414859591451
15,91,7.26563696706535,7.10532084309137,328,4416801527841723
14,3,4.50996236439961,6.43362623568178,328,7814842196741777
2,4,1.5,3.37053965340776,328,7568551223023515
16,3,7.5,1.78576271186398,328,3062203923883675
20,2,1.68364418938236,3.59890909090929,328,7829687482762681
30,209,5.8717774762545,1.5,328,3361252698801977
30,210,3.65558570782364,3.37965714285714,328,3310690380859067
22,127,5.48421883219326,4.31091891891878,328,3363470478992923
32,31,6.08026905829588,2.44402610441773,328,4208169179205531
32,32,2.70179372197263,5.69603413654623,328,3080074174948755
26,18,6.05806451612878,1.86473583704649,328,775769821072027
15,92,6.13671176921108,6.05674004683844,329,3345874752374427
14,4,3.9108921850788,6.73803546210571,329,7583362308686491
30,211,5.01243781094521,2.75714285714282,329,7794636086899859
22,128,2.06496580746966,5.79729729729719,329,2780727839596346
14,5,4.44354660172719,2.93260630786129,330,3310830235733139
3,83,5.00618181818181,6.21584754464734,330,3309043579669721
22,129,2.8014203051028,5.2297297297297,332,7812094297950875
2,5,3.80436869899223,7.07646560547781,333,3132576224823833
25,1,2.38093498904264,2.73651612903222,333,3062161309746226
22,130,2.00289321409775,4.52562162162161,333,3064401806289434
10,2,7.5,7.5,337,3363469371639963
12,2,4.3957528957526,4.304551724138,337,7568551574824603
19,7,6.39147879251048,6.28035921547023,337,3220533799582649
19,8,2.20271303018666,2.46492436015975,338,3308631262256665
3,84,5.19927272727327,2.55909356313043,338,7251340342125243
2,6,3.81012962074214,4.26123248508804,339,3308498957683082
3,85,5.19927272727327,2.55909356313043,339,1041301685722867
21,47,5.60182303245884,6.85478656968628,340,2745543467780603
18,3,7.4700815956482,1.70218037661052,342,3308636396374459
15,93,3.14513658412059,2.08701639344265,343,1058892985203387
11,5,6.35802368976138,2.2348781987407,343,1056693984709787
30,212,3.65558570782364,3.37965714285714,343,7583394512629435
6,1,3.33418467583524,3.38571428571423,350,3345881480308377
26,19,4.51693548386987,3.91315245066839,350,5314002982584979
32,33,2.24080717488795,2.89759036144574,351,3308494612120859
8,19,1.9715782788187,2.13880383943503,351,1057244654912409
21,48,5.60182303245884,6.85478656968628,354,1619778248434545
24,2,2.97590272660265,4.45263157894751,354,3079932340622987
30,213,3.65558570782364,3.37965714285714,354,2745541689396889
18,4,7.2307343608338,4.39845239002832,355,3310693870494394
24,3,7.5,2.09649122807023,355,3310692478011131
22,131,2.00289321409775,4.52562162162161,355,2747877279172266
21,49,5.60182303245884,6.85478656968628,356,3311238274403999
30,214,7.12369968340026,6.20400000000004,356,8992949595293338
32,34,7.1116591928255,2.96109437751006,356,4434394757781275
18,5,7.44832275611949,4.51349393916298,357,3081992283118227
30,215,3.65558570782364,3.37965714285714,357,7251893115732378
22,132,6.64150447133145,5.77037837837835,357,7585593753918395
17,3,7.5,7.06884162115549,358,3328701242329243
19,9,6.29633167749249,1.5,358,5437289699788339
22,133,2.87085744345112,6.419027027027,358,7847240879883931
15,94,3.14513658412059,2.08701639344265,360,4436558362744347
22,134,2.45002630194717,4.28383783783779,360,3310830252508697
32,35,6.94753363228699,5.1573795180723,360,3290905881919899
10,3,6.31087202717896,7.11038961038968,361,3308631212479035
3,86,5.19927272727327,2.55909356313043,361,3029217836852891
30,216,3.65558570782364,3.37965714285714,361,3308766520207675
22,135,2.00289321409775,4.52562162162161,361,3029767189742219
32,36,2.23901345291457,6.14043674698798,361,3308630828697531
32,37,2.83991031390088,1.75276104417664,361,4082547828771739
11,6,5.63467467142621,4.23496300379506,362,4418965805517721
13,2,1.5,7.0446315789473,362,3310830252514971
32,38,2.43273542600871,3.92319277108432,362,3079792821325395
32,39,2.13408071748823,3.98594377510045,362,3027018544621211
22,136,2.00289321409775,4.52562162162161,363,3310692731765279
32,40,6.68026905829644,6.19239457831331,363,3308493790267673
14,6,2.23721496568463,3.28503059783459,364,3328284999602075
22,137,3.62519726459885,2.06756756756749,364,3873646994835227
32,41,3.09461883408105,5.17745983935744,364,4434943452956219
15,95,3.90183814143522,3.6592131147541,365,3344366430864026
21,50,7.32525566918633,1.54981265153186,365,3311243650989739
24,4,5.71547531319167,6.26894736842102,365,3310692612232955
32,42,7.5,4.88541666666667,365,8937958948007579
12,3,4.16409266409293,3.5918620689655,366,7075970415893243
27,1,4.5,4.5,366,5560843242358779
3,87,5.19927272727327,2.55909356313043,366,2780862963312363
13,3,1.90946502057585,1.85094736842095,367,2745509143137947
19,10,2.20271303018666,2.46492436015975,367,1094077371963161
25,2,3.66508400292162,6.85483870967747,367,2745945147998906
30,217,3.65558570782364,3.37965714285714,367,3307668686816763
30,218,3.73156942559965,2.83325714285717,367,3308495383594811
30,219,3.65558570782364,3.37965714285714,367,4471912366896539
30,220,7.21415649027617,5.40468571428568,367,4276069190124447
30,221,6.0979194934419,4.16662857142851,367,3308485200235099
22,138,3.99342451341404,3.47302702702705,367,4434943452932763
8,20,1.54763416957777,3.84660104814328,367,2042544646835403
26,20,7.41048387096616,4.18145289624442,367,3064951947978385
26,21,7.40322580644888,1.5,367,4436592653291195
18,6,1.77289211242059,4.54208279332165,368,3310675625307675
18,7,4.58340888485879,5.22821529313107,368,3328405258682939
25,3,6.89737034331587,2.51070967741931,368,3081994327096474
30,222,3.65558570782364,3.37965714285714,368,1058892865363099
30,223,5.87358661239228,4.24857142857144,368,827996430462907
5,55,4.50287539936123,1.55844193793466,368,7847269787160251
22,139,6.86875328774271,5.77037837837835,368,3363466939001787
32,43,2.00044843049389,4.24523092369475,368,5562769384199850
15,96,5.91307122798017,6.71637470725997,369,7794501231625913
12,4,1.5,6.41944827586212,369,3308628477925179
18,8,1.5,3.22871083326982,369,7512995821045947
24,5,7.32137067059751,6.56140350877198,369,4472327636569787
25,4,3.66508400292162,6.85483870967747,369,2780728209032955
30,224,6.09972862957873,3.29131428571431,369,3326186673195771
30,225,3.00791497060091,7.48091428571435,369,830178273840153
30,226,7.19877883310643,6.30000000000003,369,4399345698395315
5,56,5.42108626198161,3.65709192916844,369,4437141938802331
32,44,4.95919282511224,6.38955823293172,369,3291043354987067
8,21,6.34153699587166,1.89232113004114,369,3293100610209459
15,97,3.14513658412059,2.08701639344265,370,3273447914130521
2,7,1.73907825252242,2.27633854515918,370,4434531119318939
2,8,2.84229476716468,4.38913987223386,370,4469575921747867
16,4,1.5,1.5,370,1058892983094955
25,5,7.37180423666814,7.5,370,1059721928296027
28,1,1.5,1.5,370,3307535458954915
3,88,4.38327272727266,2.9353997624177,370,7585581137445435
3,89,5.19927272727327,2.55909356313043,370,3343678028179355
30,227,2.84147444595136,5.09919999999996,370,1058892983094955
30,228,6.02193577566731,6.31965714285713,370,3311242200269979
30,229,3.65558570782364,3.37965714285714,370,3309043546243995
22,140,3.55470804839661,4.49999999999996,370,3346014624335513
22,141,4.93924250394605,1.88059459459459,370,2800523696467641
32,45,3.34484304932776,2.47991967871488,370,3310692796000057
32,46,3.34484304932776,2.47991967871488,370,3308491374479035
32,47,5.90627802690611,2.01142068273095,370,7814292466233017
8,22,6.16910130200097,1.5,370,3291036891594911
26,22,6.05806451612878,1.86473583704649,370,7266735113424539
26,23,3.32419354838867,3.44171705919793,370,4451983215084475
15,98,7.32078121011007,7.20019672131147,371,3081991890462107
15,99,6.19798315037027,5.19555035128802,371,3290901637812895
19,11,6.56343141001129,5.78851336730078,371,7814273113581275
19,12,5.68647306075497,3.31405779710033,371,8938543122271897
23,2,7.5,6.3122518434488,371,3909380719814363
3,90,5.19927272727327,2.55909356313043,371,3343819895784635
30,230,3.96223428312961,5.05999999999999,371,3308476627173435
30,231,2.45160560832203,3.00742857142856,371,3308491508730651
30,232,5.91881501582929,7.21051428571429,371,3308494662717087
32,48,6.4094170403582,1.51782128514055,371,3170504720434715
13,4,3.41769547325152,2.16673684210527,372,3309043579667739
13,5,7.39711934156458,7.14926315789472,372,1059167474672539
18,9,5.80734360834014,4.5038880841656,372,3062192179569851
25,6,5.1453615777938,4.12219354838707,372,7779105703249563
30,233,1.92243328810422,6.32034285714291,372,3170505081016059
32,49,3.51076233183778,2.89620983935743,372,3307536046198303
32,50,6.68026905829644,6.19239457831331,372,3310689868892059
32,51,6.4094170403582,1.51782128514055,372,3345874676934043
15,100,3.31363288230838,1.97572833723653,373,4436592720004761
15,101,1.57199387286294,1.5,373,3308494729834395
15,102,5.42136839417978,2.01046370023418,373,3029217870401202
30,234,6.02193577566731,6.31965714285713,373,3308493773265435
30,235,6.02193577566731,6.31965714285713,373,3343952906153915
30,236,6.02193577566731,6.31965714285713,373,2745543870435099
5,57,4.0083067092647,3.350622406639,373,3343953040306075
22,142,1.69884271436123,6.14902702702706,373,3029217870401202
22,143,1.78406102051573,6.20270270270268,373,2800523243424955
19,13,3.74799388612876,6.26619518816517,374,2798318230765337
23,3,1.5,1.5,376,1111941885839771
23,4,1.5,1.5,376,3363741699525019
28,2,1.5,2.14893789524933,376,3027017739568795
28,3,1.5,2.14893789524933,376,3027017739568795
30,237,6.33943916779667,1.93805714285715,376,3308772979393593
30,238,5.00701040253186,2.9083428571428,376,3132709368789131
30,239,5.00701040253186,2.9083428571428,376,7812058722388793
30,240,6.33943916779667,1.93805714285715,376,3308768265555647
22,144,2.00289321409775,4.52562162162161,376,3308459095018267
32,52,2.70179372197263,5.69603413654623,376,3150301554825355
10,4,6.19875424688264,4.74670129870131,377,3343667424194107
2,9,3.3233317330762,3.75870892598746,377,4964487150756507
30,241,6.25621890547237,4.34000000000002,377,7794501902718613
5,58,5.4460063897766,2.49351294488928,377,1058875853686555
26,24,4.38629032257775,6.14071451304904,377,1059434148728443
30,242,6.02193577566731,6.31965714285713,378,3082129220890266
22,145,4.57206733298259,3.60810810810814,378,8940197716481979
22,146,1.74934245134212,2.06756756756749,378,1058892781767227
22,147,3.41478169384495,2.06756756756749,379,3906731194762291
13,6,6.33333333333327,6.02631578947366,380,3310697142062651
22,148,2.00289321409775,4.52562162162161,380,3167756301943451
32,53,6.00852017937192,5.74159136546185,380,3361233472089755
32,54,3.38161434977596,3.78840361445785,380,7689463528213931
8,23,7.5,3.92650787985792,380,7812348951455411
30,243,6.02193577566731,6.31965714285713,381,8938523755079323
2,10,3.37229956793006,3.89995764656053,382,3309043143460539
3,91,3.62945454545522,5.10275434393063,382,1056969793512891
22,149,2.34481851657022,3.93243243243238,382,7849476527808187
22,150,1.74934245134212,2.55405405405407,382,3343678162392603
2,11,1.93206913106368,2.62935446299362,383,4399347602868890
32,55,6.68026905829644,6.19239457831331,385,2745544708769307
26,25,1.93548387096993,1.64763685550611,385,2780732235509407
21,51,1.51734104046171,2.19796488134598,386,3063027819373979
30,244,3.80936227951107,3.44514285714283,387,3311105129890491
30,245,3.80936227951107,3.44514285714283,387,3029630153179803
14,7,2.83495682975383,7.5,388,2217778255556287
30,246,3.73156942559965,2.83325714285717,389,7814290276771231
22,151,6.15018411362361,5.06756756756753,389,3308498084744885
17,4,6.7398648648649,6.49410750215597,390,7849597055329939
30,247,3.65558570782364,3.37965714285714,390,3346152063534745
30,248,5.29918588873793,2.52857142857145,390,3308493722672347
5,59,5.42108626198161,3.65709192916844,390,986312347508883
5,60,3.32683706070299,5.16886797966221,391,3343810920498099
5,61,3.51277955271535,2.96104844836653,391,3170487531771579
30,249,4.18385345997208,4.81428571428572,393,3308459413259035
19,14,5.56954528085545,3.56558731532666,394,2605356095947707
30,250,2.84147444595136,5.09919999999996,394,7814274724184754
26,26,1.5,7.5,395,7814979618918139
15,103,5.33252489150022,3.84806557377044,396,2782928154224091
15,104,5.33252489150022,3.84806557377044,396,2782928087041499
2,12,1.54320691310848,3.16067836092191,396,3310692813557915
5,62,7.5,4.89056747121731,396,3064955991280187
19,15,6.48662590752847,5.69019141109122,397,3081998421510715
25,7,2.73374726077394,4.48929032258071,397,3310967221706391
18,10,7.21532184950098,1.5,399,3328422446420507
21,52,3.25544686527304,6.69183013738879,399,3152496266365627
30,251,3.9577114427861,2.6618285714286,399,3343682456830649
30,252,4.09791949344158,5.16091428571429,399,1056968837746331
30,253,2.10334690185414,5.21428571428573,399,3152501651849403
5,63,5.81309904153319,2.35710946174972,399,7849481107982227
8,24,5.31073356621085,1.81793677329677,399,3027018796783259
26,27,7.5,4.27132399745387,399,3311242568840889
29,1,1.5,3.01370962115401,400,8937990891822587
22,152,2.78353498158876,3.41902702702704,400,2745543501341883
22,153,2.67832719621291,6.09470270270276,400,830192098306859
32,56,1.83273542600814,4.23280622489954,400,3273446794317963
32,57,4.43632286995484,3.33760040160646,400,3079795388503483
18,11,6.74388032638191,3.61523214149578,401,3079787620650235
28,4,7.5,7.5,401,4471726660216507
30,254,3.11194029850735,6.2624,401,3062344902819995
30,255,3.11194029850735,6.2624,401,3308467651536667
30,256,7.31637268204435,6.46571428571425,401,1057371918750873
5,64,2.5015974440898,1.5,401,3311379722849818
8,25,6.16910130200097,1.5,401,3308484831397659
8,26,6.16910130200097,1.5,401,3343815601340827
8,27,5.66036837091125,1.89299735146615,401,3152364212603675
30,257,2.88670284938884,4.31897142857143,402,3346013952992923
14,8,7.5,4.16938647418803,403,3310417935650107
3,92,4.30036363636347,5.40597378541086,403,3343677898217881
11,7,1.5,4.61429601204234,404,1058892916184731
13,7,5.85390946502254,6.06147368421039,404,3257916255405243
3,93,2.00945454545477,1.72143475547139,404,7847277789766427
30,258,3.65558570782364,3.37965714285714,404,3309009840424091
3,94,5.19927272727327,2.55909356313043,406,3345876908821433
32,58,5.6614349775786,6.51694277108438,406,3273309422412441
24,6,7.19314664701549,1.65491228070178,407,3310692444456691
5,65,5.42108626198161,3.65709192916844,408,8940739687630523
18,12,6.79011786038084,5.19002058397502,409,2745543820101275
22,154,3.8882167280382,5.98654054054043,412,3345876648739995
22,155,3.8882167280382,5.98654054054043,412,3345876648739995
13,8,4.85802469135922,6.27199999999997,413,4469835767009179
30,259,7.19877883310643,3.34754285714284,413,3308597741929435
30,260,7.19877883310643,3.34754285714284,413,3308597741929435
25,8,5.96603360116934,3.58696774193552,414,7284464738422687
29,2,4.76498153933539,3.36283401939582,414,7726468949659323
5,66,5.42108626198161,3.65709192916844,417,3344226844462233
32,59,6.14035874439474,5.93122489959842,418,3311242552340379
18,13,7.36038077969176,2.57219638636888,419,3273289956118171
2,13,4.31421027364424,3.73244979352689,421,7002852524052371
24,7,2.01289609432577,5.50719298245613,424,3343677894084281
3,95,4.22727272727231,5.26511567036458,425,3308476241332633
22,156,6.86875328774271,5.77037837837835,425,5596025215307994
3,96,5.19927272727327,2.55909356313043,426,2746093575916474
32,60,3.19417040358725,5.34626004016067,426,3081986912339891
21,53,4.08248110271199,2.92884431709641,427,3308631095035547
30,261,3.65558570782364,3.37965714285714,427,425575392265755
13,9,6.23045267489785,6.16673684210513,428,2748259111328922
30,262,5.01243781094521,3.13805714285712,428,1059855072546459
15,105,1.5,5.0269320843091,429,3346014624596894
18,14,6.77470534904802,3.57006175192503,429,3343669504822971
21,54,5.60182303245884,6.85478656968628,429,3363469220415163
5,67,5.42108626198161,3.65709192916844,429,4278267122336667
5,68,5.42108626198161,3.65709192916844,429,3029215555208895
5,69,4.34376996805101,2.31818713108523,429,3029771887101169
22,157,6.34271436086347,6.77027027027018,429,3134753756586427
15,106,5.20385499106575,2.77711475409836,430,3363469354880187
15,107,5.20385499106575,2.77711475409836,430,3308493798174393
16,5,5.68683083511735,3.60203389830492,430,3308476224037529
10,5,4.16024915062205,1.52602597402589,431,3311242552592059
17,5,3.44467905405473,1.5,431,3308494897597983
25,9,2.14864864864839,4.44619354838703,431,2745543769769619
5,70,5.27060702875383,2.7077610893577,431,4187544746776083
5,71,5.42108626198161,3.65709192916844,432,1109436040267675
22,158,5.48421883219326,4.31091891891878,432,2748290334250171
8,28,4.88202604001239,1.59252963164722,432,7812093417674299
21,55,5.60182303245884,6.85478656968628,433,4469582364201147
5,72,5.68562300319425,1.63628659926364,433,3311208175560347
12,5,4.54864864864854,1.52289655172415,434,3308768668274651
17,6,1.5,3.74590399540092,434,7849614033864347
18,15,6.18540344514895,4.42772737668675,434,3343643836206203
32,61,6.66681614349843,3.13403614457828,434,3326087083640731
3,97,1.90254545454518,4.32030321944148,435,3345874953754355
30,263,6.42808683853432,1.80377142857146,435,3308491374119099
30,264,6.791723202171,1.57611428571423,435,4469579042311835
30,265,5.60040705563103,7.42377142857143,435,3310831194130322
5,73,5.42108626198161,3.65709192916844,435,8973178636131929
2,14,1.73907825252242,2.27633854515918,436,3308473926192795
22,159,2.64466070489214,6.28881081081073,436,3309040710764219
13,10,5.81893004115295,7.25452631578935,437,3081960034716575
5,74,2.47476038338715,1.69472853719825,437,8850032377516699
5,75,2.47476038338715,1.69472853719825,437,4207840614214557
11,8,6.41351614473379,2.22088536476781,438,3311247870977947
7,2,1.5,7.5,438,3308751420968123
30,266,1.66553595658018,3.69039999999999,438,3062186005284635
22,160,2.53840084166236,3.36486486486489,438,7814249490736827
8,29,3.66735471578293,7.21564889080905,439,3345877185619899
5,76,5.42108626198161,3.65709192916844,440,3345877168870847
22,161,3.92293529721235,3.20270270270264,440,3079932256996603
21,56,2.64184081814286,7.22948350598774,441,2745543836354075
3,98,1.5,2.04362051261402,441,3308731800278939
12,6,5.39189189189199,3.08620689655169,442,1041266051433785
12,7,5.39189189189199,3.08620689655169,442,3297463913727259
5,77,7.31501597444097,4.71430658640638,442,3345878061995803
5,78,5.42108626198161,3.65709192916844,442,3310681807709594
22,162,2.00289321409775,4.52562162162161,442,7847225981716411
22,163,7.5,6.20270270270268,442,3308459430568603
18,16,7.19809610154097,4.21799954257834,443,3328285032638267
5,79,2.74600638977708,3.75971597218159,443,3308493656147227
15,108,4.23117181516551,4.539737704918,444,3220669963486875
25,10,4.99744338933554,1.5,444,3343643467099579
21,57,5.60182303245884,6.85478656968628,445,7812091270178715
21,58,1.96687416629666,7.5,445,7849477802876059
30,267,3.65558570782364,3.37965714285714,445,6706122158555801
5,80,3.17731629392954,5.45453217228689,445,3343679236131987
5,81,3.17731629392954,5.45453217228689,445,3343679236131987
22,164,3.9755391899,4.04010810810809,445,4436590203792443
22,165,2.06496580746966,5.79729729729719,445,7847277831702171
22,166,2.06496580746966,5.79729729729719,445,3343678204331675
11,9,1.5,4.61429601204234,446,3310691873508379
3,99,5.29963636363636,7.5,446,3308495652571835
30,268,2.28426051560312,7.32857142857143,446,3310667043752627
30,269,3.65558570782364,3.37965714285714,446,3343677927509819
22,167,2.00289321409775,4.52562162162161,446,3308493790301467
22,168,4.41425565491909,4.55416216216211,446,3346014624599899
32,62,1.77533632287029,3.94415160642569,446,2219981439535001
25,11,6.31227173118974,1.60748387096781,447,3308768701762744
30,270,3.10560832202558,3.53805714285707,447,3009426291486107
22,169,1.5,6.71756756756745,447,3343677893963163
22,170,2.29221462388313,5.09464864864853,447,3345977714460443
22,171,2.29221462388313,5.09464864864853,447,3345979895498523
22,172,1.5,6.71756756756745,447,3308493521873339
8,30,7.16941886313121,2.70513928282962,447,8940741776426651
8,31,7.16941886313121,2.70513928282962,447,3079795035663771
22,173,2.53840084166236,3.36486486486489,448,3167745229112891
22,174,2.53840084166236,3.36486486486489,448,3167745229112891
30,271,6.02193577566731,6.31965714285713,449,7812094558529339
30,272,6.02193577566731,6.31965714285713,449,7812094558529339
30,273,6.95725915875213,2.05234285714287,449,8957921972208313
22,175,2.87085744345112,6.419027027027,449,2745680989815963
18,17,7.48005439709848,2.32141495768854,450,1338289212419475
18,18,5.03853127833169,4.96325379278803,450,3345979895498523
18,19,5.03853127833169,4.96325379278803,450,3345979895498523
18,20,5.03853127833169,4.96325379278803,450,3079795002625683
25,12,2.73374726077394,4.48929032258071,450,3343661015679066
22,176,2.29221462388313,5.09464864864853,450,3311242552598043
22,177,2.29221462388313,5.09464864864853,450,3079794985848467
22,178,2.29221462388313,5.09464864864853,450,3345979895498523
21,59,5.60182303245884,6.85478656968628,451,7814294185754779
25,13,7.5,6.72580645161289,451,7867066654444475
5,82,5.42108626198161,3.65709192916844,451,4436867598372499
8,32,7.20085741505199,3.63990269925049,451,7814257342474139
19,16,2.20271303018666,2.46492436015975,452,7812056912023099
22,179,2.00289321409775,4.52562162162161,452,7286664298546843
32,63,1.5,3.45682730923697,452,2748293555472059
18,21,5.86808703535757,4.10364412594344,453,3345877185644089
24,8,7.4717022844511,5.82894736842104,453,7530615337173689
30,274,3.65558570782364,3.37965714285714,453,3079794969204249
5,83,2.4910543130987,1.77269008240314,453,2780863214706361
8,33,3.34248967926237,3.20790991227907,454,3345876715882395
22,180,2.00289321409775,4.52562162162161,455,3080070283153043
2,15,3.13034085453795,3.5823068506688,457,3203488148118939
24,9,7.4717022844511,5.82894736842104,458,2745672702674649
22,181,3.8882167280382,5.87837837837836,458,7867206446270139
24,10,7.14804716285946,1.65210526315796,461,1109435839469243
8,34,6.95315973324807,3.28454834043993,462,757572992533691
20,3,7.5,7.5,465,3363435011962651
20,4,7.5,7.5,465,3363435011954459
30,275,6.02193577566731,6.31965714285713,465,4434796962696219
21,60,5.60182303245884,6.85478656968628,466,7814842196742043
30,276,6.02284034373525,2.22377142857145,466,3293066267248537
5,84,5.42108626198161,3.65709192916844,466,3346014624601755
5,85,5.42108626198161,3.65709192916844,467,3308493807083165
22,182,3.23908469226796,3.52702702702705,467,4135876290168379
30,277,4.64699231117169,7.21131428571428,468,3363744257460123
5,86,5.42108626198161,3.65709192916844,468,7812643173486491
5,87,5.42108626198161,3.65709192916844,468,4469850514448315
11,10,6.35802368976138,2.2348781987407,469,1092155004996795
11,11,6.35802368976138,2.2348781987407,469,3342579758026395
11,12,4.89964303099107,2.45812750439934,469,3308596852737691
18,22,6.20081595648224,5.2662956468705,469,3310692796780473
21,61,5.60182303245884,6.85478656968628,469,4469570402043547
3,100,4.68218181818149,5.94959429802488,469,3310693685970587
3,101,7.5,2.40603418768991,469,3308460151457497
5,88,5.42108626198161,3.65709192916844,469,7812091018530457
2,16,3.51632261161896,4.21760844245226,470,7813054349231675
18,23,1.5,3.38663566364266,470,4469715491414462
19,17,3.74799388612876,6.26619518816517,470,2783474471446451
30,278,6.02193577566731,6.31965714285713,470,3308757779793707
5,89,5.42108626198161,3.65709192916844,470,4399760087500443
11,13,5.89363946130088,4.48937816693872,471,3326084936189499
5,90,5.42108626198161,3.65709192916844,471,2220114751311391
5,91,5.42108626198161,3.65709192916844,471,3308614091392667
2,17,1.97815650504485,3.19413757808911,472,1094077975905947
19,18,5.09151700420265,5.14204355438392,472,3308493773489055
19,19,5.09151700420265,5.14204355438392,472,1056693967675099
3,102,1.97236363636422,1.58057664042517,472,3343678145611739
1,1,4.5,4.5,472,3311379001169307
30,279,2.10334690185414,5.21428571428573,472,3326087050086330
30,280,2.10334690185414,5.21428571428573,472,3310830251985595
30,281,3.65558570782364,3.37965714285714,472,3310821595469754
30,282,4.25893260967778,5.25234285714287,472,3084194399702683
5,92,5.42108626198161,3.65709192916844,472,3308494864041658
32,64,6.68026905829644,6.19239457831331,472,3308493572195007
2,18,3.61137782045098,4.39401051777091,473,900561194241178
18,24,5.44469628286415,6.73381870854628,473,3309043546114203
25,14,3.97516435354211,6.12361290322578,473,3009564100052635
3,103,3.8094545454554,5.34557150623159,473,3308498085269051
3,104,5.19927272727327,2.55909356313043,473,3079932445247123
5,93,2.55718849840324,2.31900531821631,473,8937997619546074
5,94,5.42108626198161,3.65709192916844,473,7814429510782363
32,65,3.50896860986534,3.25389056224896,473,4436584130467483
26,28,4.64516129032289,5.14330044557612,473,3310663822532507
14,10,1.72714190834634,4.10599403734518,474,3345825377078811
14,9,1.72714190834634,4.10599403734518,474,3310641239871003
3,105,5.19927272727327,2.55909356313043,474,4468478557570971
8,35,1.54763416957777,3.84660104814328,474,4030322687395487
30,283,5.90072365445429,5.82159999999997,475,3311240421889563
30,284,5.07304387155101,6.14754285714284,475,3027010206877371
5,95,5.42108626198161,3.65709192916844,475,2763136022931355
5,96,5.42108626198161,3.65709192916844,475,3311244716072691
32,66,6.68026905829644,6.19239457831331,475,3293083434534075
30,285,2.87222976028941,7.5,476,3308459430569627
30,286,7.37969244685635,2.05234285714287,476,2991971796567739
30,287,1.84644957033011,5.2332571428571,476,1056659213567675
5,97,5.42108626198161,3.65709192916844,476,4434531144486553
32,67,2.34304932735422,6.49598393574295,476,3273309418219035
8,36,6.16910130200097,1.5,476,3308493253441307
15,109,1.88294613224498,4.05265573770493,477,4416801494311963
10,6,6.48074745186793,7.42207792207792,477,3310693685970747
18,25,2.95149592021827,4.78977662575292,477,3309592832168987
21,62,5.60182303245884,6.85478656968628,477,3343643785873051
25,15,6.99159970781506,5.15445161290329,477,2200191244754747
8,37,5.96236900603339,1.83664556605375,477,3309026282325275
8,38,5.32216576691031,2.69702462573024,477,3308476241333914
2,19,3.08425348055678,4.81754491229311,478,1041713130684947
18,26,6.33680870353609,3.39852862697267,478,3275507434954171
21,63,1.5,1.5,478,3291314515898011
25,16,7.17348429510484,6.38245161290328,478,3345876313228187
30,288,7.31908638625008,2.07142857142858,478,3310692343795611
30,289,2.93193125282679,2.52857142857145,478,3308493454503611
5,98,5.42108626198161,3.65709192916844,478,3308493421201041
32,68,6.57264573990956,1.5,478,3309284046979611
26,29,3.58548387096657,6.55880012730751,478,3310675432368025
18,27,6.75929283771473,5.32347335518795,479,3310641072629657
18,28,7.40933816863124,6.94354654265468,479,4469578069264027
18,29,7.40933816863124,6.94354654265468,479,4469578069264027
21,64,5.60182303245884,6.85478656968628,479,4436538429426843
5,99,5.42108626198161,3.65709192916844,479,3027001633719315
22,183,3.41478169384495,7.31091891891899,479,7814563023873435
2,20,2.84229476716468,4.38913987223386,480,3309044628246187
5,100,5.42108626198161,3.65709192916844,480,2781279038533275
15,110,4.08105693132435,4.89540983606557,481,3345876816549531
3,106,3.90000000000046,5.36574586747742,481,3308493454757819
30,290,5.67277250113005,4.17040000000005,481,7849605661477393
30,291,6.02193577566731,6.31965714285713,481,7812075868767698
30,292,3.65558570782364,3.37965714285714,481,2501573454128319
5,101,5.42108626198161,3.65709192916844,481,7812094658649610
11,14,6.26650981664829,6.5018021074056,482,3310692813556379
8,39,3.66735471578293,7.21564889080905,482,2745506960565817
22,184,6.74881641241516,5.74394594594595,483,3345860005262747
19,20,2.76098586167405,5.21805716758797,484,3099586211932827
13,11,7.5,4.44736842105268,485,3310693788729755
3,107,3.04581818181878,5.10396238951418,485,3064371606506011
3,108,3.13636363636384,5.10396238951418,485,8656655635767451
3,109,2.89963636363648,4.8623532727969,485,3082266504653595
3,110,3.13636363636384,5.10396238951418,485,7286526792470040
3,111,2.84509090909145,4.88252763404273,485,3308493588981658
3,112,2.84509090909145,4.88252763404273,485,3308491240172703
3,113,2.99127272727262,5.18453902993941,485,3308766436837145
3,114,3.10036363636438,5.16436466869352,485,2782927232221209
3,115,2.99127272727262,5.18453902993941,485,3308491491824793
3,116,3.08181818181825,4.07712364346548,485,7005052755307227
3,117,2.99127272727262,5.18453902993941,485,3308766453614361
3,118,1.99090909090978,2.18459943221859,485,3363471452062110
3,119,1.99090909090978,2.18459943221859,485,3343678162390681
3,120,1.95490909090917,2.40603418768991,485,7812093285031579
3,121,2.1000000000004,2.82885014194532,485,4188099946791482
3,122,2.02690909090982,2.66781766565327,485,3310692798877371
3,123,2.22763636363658,2.88925242112472,485,3311225036644283
3,124,2.38800000000068,4.04994261783478,485,3308493639306143
3,125,1.99090909090978,2.44626210562348,485,4434947747932075
3,126,2.29963636363722,3.130861537842,485,2747742876913627
3,127,2.20909090909159,3.01005697948333,485,1056691795546026
3,128,2.75454545454525,3.27184045744657,485,3308493790310067
3,129,2.02690909090982,2.2852296293313,485,3308459430570971
3,130,2.02690909090982,2.2852296293313,485,3310931203100057
3,131,2.02690909090982,2.66781766565327,485,3308493792406425
3,132,2.3367272727272,3.17108945577544,485,3311242185592731
3,133,2.26363636363661,3.01005697948333,485,3062207480644249
3,134,2.26363636363661,3.01005697948333,485,3310690129072027
3,135,2.86363636363758,4.96310427446796,485,3308493790308251
3,136,2.26363636363661,2.9294803390581,485,3310827972909754
24,11,7.02689756816582,2.96491228070179,486,3308494715143835
3,137,1.7727272727274,1.76178347796318,486,3309318426126651
5,102,2.28306709265183,6.09739348956813,486,3311240164003483
5,103,2.74600638977708,6.19475775816734,486,3310692528325211
5,104,2.33099041533566,6.01943194436335,486,2780727739213723
5,105,2.44313099041637,5.57141604815616,486,3273446856385338
5,106,2.44313099041637,5.57141604815616,486,3310692813554715
5,107,2.95399361022445,6.52600666238095,486,7548177594737561
5,108,2.74600638977708,6.40912278651169,486,7814296517766715
5,109,2.90607028753962,6.46756472444635,486,3308493454755771
5,110,2.33099041533566,6.01943194436335,486,3308493773521563
5,111,1.85175718849786,5.4156098416224,486,3205105345940731
5,112,2.17092651757212,5.96099000642863,486,3308493823329435
5,113,1.99552715654935,4.20773186838878,486,3310656306341401
5,114,2.04345047923318,4.69478697913621,486,2745956153747098
5,115,2.02715654952063,6.01943194436335,486,3309034589178395
5,116,1.82012779552708,6.29223891064236,486,7759453830826715
5,117,2.05974440894573,5.92206767576414,486,4434909095317145
5,118,2.04345047923318,4.69478697913621,486,3275471531590842
5,119,2.09137380191751,5.14280287534334,486,3308493823853499
5,120,2.04345047923318,4.69478697913621,486,3345876917193915
5,121,1.9792332268378,4.14928993045406,486,3029767242433435
5,122,2.05974440894573,5.92206767576414,486,2747880299055067
5,123,2.47476038338715,6.29223891064236,486,3308460017248923
5,124,2.09137380191751,5.14280287534334,486,1056693978842376
5,125,2.10766773162956,6.19475775816734,486,4436592703620506
5,126,1.85175718849786,5.4156098416224,486,3309043529340443
5,127,2.17092651757212,5.53249371749167,486,3308493789250075
5,128,2.20351437699672,4.59742271053711,486,3308562503536154
5,129,2.20351437699672,4.59742271053711,486,212823099107226
5,130,2.04345047923318,4.69478697913621,486,3308493521863835
5,131,3.38530351437742,7.14934837239214,486,3343816205452443
5,132,3.60862619808352,6.77917713751392,486,4469715037900604
5,133,3.38530351437742,7.14934837239214,486,2745818565891356
5,134,3.46485623003203,5.98050961369887,486,3309044603044505
5,135,3.36900958466487,5.82470340716499,486,3308491642816027
5,136,2.02715654952063,5.33764829641757,486,2745543685883547
5,137,3.36900958466487,5.82470340716499,486,3027023108523707
5,138,3.46485623003203,5.98050961369887,486,3308635524228633
5,139,3.4495207667738,5.80518379989487,486,2499532195417277
5,140,3.46485623003203,5.98050961369887,486,8938543113888699
5,141,3.41693290734819,7.20779031032674,486,3344227920299839
5,142,3.46485623003203,5.98050961369887,486,3293100277023619
5,143,3.01821086262033,7.1298287651219,486,3308493689646905
5,144,2.10766773162956,6.19475775816734,486,3308493792404923
3,138,4.26327272727349,2.36580626975653,487,2748086392506043
3,139,4.3909090909091,3.03023134072929,487,3308493775619993
3,140,4.40945454545523,2.86907805987876,487,3345877168866457
3,141,3.70036363636478,2.20465298890607,487,3238122076035611
3,142,4.77272727272769,4.01672136428608,487,2745543838955226
3,143,4.40945454545523,2.86907805987876,487,3293101231496795
3,144,4.57309090909087,3.17108945577544,487,7849480839289995
3,145,2.86363636363758,3.89591680592747,487,4153021801744051
3,146,2.84509090909145,3.1510358990879,487,3310692796778427
3,147,4.71818181818209,4.03689572553204,487,3345877051427611
3,148,2.95418181818321,5.00333219240141,487,8974277191460538
3,149,2.86363636363758,3.89591680592747,487,4436590178126013
3,150,4.35490909090963,3.41269857249278,487,7832022049097147
3,151,4.40945454545523,2.86907805987876,487,3343679236133779
5,145,3.04984025559161,7.09090643445741,487,4434391415441307
5,146,3.1936102236421,7.5,487,6616098975572891
5,147,3.04984025559161,7.09090643445741,487,3275645544352409
5,148,2.95399361022445,6.52600666238095,487,3361270348416539
5,149,1.86805111821141,5.57141604815616,487,3343678097379227
3,152,3.44509090909128,3.89591680592747,492,777367154640441
3,153,3.42763636363738,3.89591680592747,492,3308493823827067
3,154,2.37272727272837,2.84902450319128,492,3080998834987707
3,155,3.42763636363738,3.89591680592747,492,3310692410606779
3,156,5.1730909090907,4.45971167978745,492,3062201038194619
30,293,6.02193577566731,6.31965714285713,492,3345876631471147
11,15,7.5,5.54939894417699,494,4436593659928219
3,157,3.13636363636384,5.10396238951418,500,4434385981462043
3,158,2.84509090909145,3.1510358990879,500,7867067708796555
3,159,2.86363636363758,4.96310427446796,500,4434359337403803
3,160,3.13636363636384,5.10396238951418,500,7812222252009395
3,161,3.209454545455,5.28516922705219,500,5597676999337755
3,162,2.95418181818321,5.00333219240141,500,4434393699239832
3,163,3.10036363636438,5.14431111200597,500,3346110170589883
3,164,3.04581818181878,5.10396238951418,500,7814977488178971
3,165,2.99127272727262,5.18453902993941,500,3311381082064697
3,166,2.93672727272817,5.08390883282657,500,3308459466215067
3,167,2.91818181818147,4.98315783115551,500,3064673916070171
3,168,3.209454545455,5.28516922705219,500,3345877185646107
3,169,3.10036363636438,5.16436466869352,500,2519044240230811
3,170,2.89963636363648,4.8623532727969,501,3326085975819931
3,171,2.82763636363641,3.91609116717343,501,3062340607331035
3,172,2.86363636363758,3.89591680592747,501,3308493772457659
3,173,3.44509090909128,3.89591680592747,501,1094624913182107
3,174,2.86363636363758,4.96310427446796,501,3308635526324889
3,175,3.44509090909128,3.89591680592747,501,3029217836843547
3,176,2.02690909090982,2.66781766565327,501,4434393699238939
3,177,1.7727272727274,1.76178347796318,501,3326077301999257
3,178,1.99090909090978,2.18459943221859,501,3308494731923355
3,179,2.00945454545477,2.42620854893587,501,2745543368656539
3,180,2.00945454545477,2.42620854893587,501,3343818839314075
3,181,1.99090909090978,2.44626210562348,501,2745543820070811
3,182,2.3367272727272,2.98988261823737,501,4434393699346234
3,183,2.84509090909145,3.1510358990879,501,3308493656049563
3,184,2.22763636363658,2.88925242112472,501,3310692813033627
3,185,2.20909090909159,3.01005697948333,501,3308905972944795
3,186,2.17309090909041,3.05028489741677,501,3308493438044059
3,187,2.22763636363658,2.88925242112472,501,1057243381926555
3,188,2.22763636363658,2.88925242112472,501,3310692647847579
3,189,2.75454545454525,3.27184045744657,501,3308493773000345
3,190,2.73600000000083,3.29189401413417,501,3310692815651611
5,150,2.15559105431289,7.2662322482614,501,3238125045598107
3,191,4.40945454545523,2.86907805987876,502,3308493798655675
3,192,3.62727272727305,5.10396238951418,502,3906625951547579
3,193,4.33636363636407,3.25166609620073,502,3310693887307423
3,194,4.77272727272769,4.01672136428608,502,3328697182242459
3,195,2.02690909090982,2.2852296293313,502,3308493773528475
3,196,4.26327272727349,2.36580626975653,502,3308631231317530
3,197,3.93600000000106,1.90264159300945,502,3345864319616921
5,151,5.42108626198161,3.65709192916844,502,2745543838975627
5,152,3.1936102236421,7.5,502,7565802813056667
5,153,3.38530351437742,7.14934837239214,502,3309043210569241
5,154,3.01821086262033,7.1298287651219,502,7847273228422811
5,155,2.95399361022445,6.52600666238095,502,3308768701760027
5,156,2.17092651757212,5.96099000642863,502,3310690649296411
5,157,3.04984025559161,7.09090643445741,502,3134888896940763
5,158,2.95399361022445,6.52600666238095,502,3308493790300059
5,159,2.17092651757212,5.96099000642863,502,7812093017114267
5,160,2.10766773162956,6.19475775816734,502,3309043573375195
5,161,1.86805111821141,5.57141604815616,502,3310692813555387
5,162,2.74600638977708,6.19475775816734,502,1058892716754899
5,163,1.88338658147064,5.29872596575308,502,3309044487737011
5,164,1.9792332268378,4.14928993045406,502,3309043529338011
5,165,2.05974440894573,5.92206767576414,502,6371733218844587
5,166,2.44313099041637,5.57141604815616,502,3308768670305307
5,167,2.05974440894573,5.92206767576414,502,7812091272425115
5,168,2.09137380191751,5.14280287534334,502,3343677896058777
5,169,2.04345047923318,4.69478697913621,502,3273309420307611
5,170,2.04345047923318,5.18184208988369,502,4436592586192795
5,171,2.18722044728467,4.88963240021043,502,7812097175768363
30,294,6.02193577566731,6.31965714285713,503,3223006803183507
5,172,5.42108626198161,3.65709192916844,503,3346426589136411
5,173,2.04345047923318,4.69478697913621,503,7216123738636827
5,174,3.60862619808352,6.77917713751392,503,7779108079323793
5,175,3.18977635782729,5.47884401846775,503,3308493790299803
5,176,3.46485623003203,5.98050961369887,503,3308493792397107
5,177,3.46485623003203,5.98050961369887,503,3237025545120667
5,178,3.35367412140564,5.16232248261357,503,3310950144560027
5,179,3.36900958466487,5.82470340716499,503,3167186684006283
5,180,2.28306709265183,6.09739348956813,503,4416919626367891
30,295,6.02193577566731,6.31965714285713,505,3343675880687387
30,296,5.29466304839442,4.34000000000002,506,2747745007584531
30,297,7.1535504296699,5.8618285714286,506,3309043529346975
8,40,7.15322324547471,2.04334391494643,506,3308493790037151
11,16,6.35802368976138,2.2348781987407,507,3853954636901563
3,198,3.62727272727305,1.90264159300945,507,3906765185671067
30,298,6.9120307553137,2.09039999999996,507,2746097887659675
30,299,7.27657168701927,4.86034285714281,508,2782927215447771
30,300,6.02193577566731,6.31965714285713,512,3309044418538908
5,181,5.42108626198161,3.65709192916844,512,3062202900473499
22,185,4.95817990531347,7.5,512,3310797000066971
12,8,5.53552123552247,6.55641379310351,513,4469574898336667
25,17,5.1804236669098,3.34941935483875,513,7812094423777723
8,41,7.13702762781872,3.62119390649362,513,3310692796254875
21,65,5.60182303245884,6.85478656968628,514,777417687353051
21,66,2.38706091596324,5.71967526265519,515,1094215867354907
11,17,7.19041051435983,2.19951449106369,516,3343815601336249
20,5,1.5,1.5,516,1094077304885147
22,186,4.37953708574493,5.25681081081086,516,3308480905401819
21,67,5.60182303245884,6.85478656968628,517,3310005618787731
3,199,2.29963636363722,1.5,517,3062203789664155
3,200,2.29963636363722,1.5,517,3062203789664155
3,201,5.19927272727327,2.55909356313043,517,3346427931387803
13,12,5.23662551440465,7.5,518,3345877168606745
24,12,7.09852616064958,3.2959649122808,518,2182585327080635
24,13,7.09852616064958,3.2959649122808,518,3081985838600347
25,18,3.5368882395909,4.1236129032258,518,3308493705891610
22,187,4.95817990531347,7.5,518,1059529762326519
22,188,4.95817990531347,7.5,518,3311346755880919
17,7,6.44467905405473,7.5,519,3344362672800923
3,202,3.42763636363738,3.89591680592747,519,3308768382994971
3,203,2.82763636363641,3.91609116717343,519,3308491644894619
3,204,2.26363636363661,3.01005697948333,519,3311226331121561
3,205,2.17309090909041,3.05028489741677,519,1056693976089147
3,206,2.20909090909159,3.01005697948333,519,4434393630035483
30,301,7.04771596562567,3.13805714285712,519,3064919383399998
30,302,7.04771596562567,3.13805714285712,519,2218462765958299
22,189,1.94187269857977,2.66221621621631,519,3308768265555419
22,190,1.94187269857977,2.66221621621631,519,3027293288844763
3,207,5.19927272727327,2.55909356313043,520,3343675863910235
3,208,2.02690909090982,2.2852296293313,520,774119490385851
5,182,5.42108626198161,3.65709192916844,520,3309730740890267
5,183,2.15559105431289,7.2662322482614,520,3344775528591001
32,69,1.56636771300476,4.11144578313252,520,3308498084744891
32,70,1.56636771300476,4.11144578313252,520,3330484022333083
5,184,2.18722044728467,4.88963240021043,521,3311379647598233
5,185,2.04345047923318,5.18184208988369,521,4152918719909395
5,186,2.17092651757212,4.46101922739761,521,3310692813554715
5,187,1.86805111821141,5.57141604815616,521,3308494394279455
5,188,1.88338658147064,5.29872596575308,521,3310697108005019
5,189,2.20351437699672,4.59742271053711,521,3308498112532155
5,190,1.82012779552708,6.29223891064236,521,3309319298010843
5,191,1.85175718849786,5.4156098416224,521,3065190335439897
5,192,1.85175718849786,5.4156098416224,521,3311240457536794
3,209,4.71818181818209,4.03689572553204,522,3309593301468987
3,210,4.35490909090963,3.41269857249278,522,495943046449115
3,211,3.62727272727305,5.10396238951418,522,3027018821984411
3,212,4.77272727272769,4.01672136428608,522,2044192840533657
3,213,4.77272727272769,4.01672136428608,522,7831884660529177
30,303,2.49954771596524,5.9942857142857,522,3308494897603483
30,304,2.49954771596524,5.9942857142857,522,3308494897595291
30,305,6.11329715061021,1.72857142857143,522,4434528923568025
30,306,3.3245137946628,4.03325714285714,522,3310830252255163
5,193,2.74600638977708,6.40912278651169,522,3343678161602491
5,194,2.47476038338715,6.29223891064236,522,3311246883190427
5,195,2.74600638977708,6.19475775816734,522,4437146753879705
5,196,2.74600638977708,6.19475775816734,522,3326701968352955
5,197,2.63482428115069,6.15583542750286,522,3346152071679673
5,198,3.01821086262033,7.1298287651219,522,3310795406361755
8,42,1.5,3.82777955181549,522,2748275419301403
30,307,3.46019900497524,5.8618285714286,523,7797247879466651
30,308,6.77634554500221,4.26182857142851,524,3346426387295643
8,43,6.02524610987595,3.86530984090015,524,2780862963567323
8,44,6.02524610987595,3.86530984090015,524,2780862963567323
5,199,5.42108626198161,3.65709192916844,530,3062186005819295
18,30,5.70217588395287,4.78977662575292,542,3346556863959067
5,200,5.42108626198161,3.65709192916844,542,3345878058065625
22,191,3.62519726459885,2.06756756756749,543,3311242569320219
22,192,3.62519726459885,2.06756756756749,543,3311242569352987
12,9,7.5,1.5,546,2219940242582683
30,309,6.02193577566731,6.31965714285713,546,3363469044074169
22,193,2.00289321409775,4.52562162162161,547,3343678170779402
18,31,5.76201269265647,6.14305862621036,548,3310690666075195
6,2,7.5,7.5,548,531674657246747
2,21,4.28252520403407,7.5,549,3310142722197139
22,194,2.00289321409775,4.52562162162161,549,4489369034710683
30,310,3.6709633649929,3.19520000000004,551,2746093575882331
30,311,6.23631840796007,4.30708571428567,553,3343679110270643
32,71,2.46591928251062,2.0678965863454,554,3064951964749467
18,32,4.77289211242035,7.26374170923236,555,3238537362982811
18,33,4.77289211242035,7.26374170923236,555,3238537362982811
21,68,7.33992885726878,5.8151862464183,556,3011729401073303
19,21,7.04145968666289,7.1451911160073,557,3308493588974363
30,312,1.85368611488029,5.03188571428572,558,3310692813538971
15,111,3.14513658412059,2.08701639344265,560,3345831953815433
22,195,2.00289321409775,4.52562162162161,572,3290901591672339
30,313,5.01243781094521,3.13805714285712,574,3081993052801947
30,314,5.01243781094521,3.13805714285712,574,3081993052802011
14,11,2.0539074607034,6.67997803232396,575,3361546216197659
14,12,2.0539074607034,6.67997803232396,575,3345877923841563
21,69,5.60182303245884,6.85478656968628,575,3311246814009243
2,22,3.9944791166608,1.5,576,3308494666911131
2,23,3.9944791166608,1.5,576,3081991375080027
30,315,6.21913161465397,1.61428571428577,576,3308494666911131
22,196,7.00973172014774,5.47297297297295,576,8711491110620795
18,34,6.77470534904802,3.57006175192503,577,3346701584483999
18,35,6.77470534904802,3.57006175192503,577,3308493790301979
30,316,3.65558570782364,3.37965714285714,577,1056698271584059
8,45,6.85122261035258,2.43780641283318,577,7812076841652123
25,19,5.94631117604008,3.92941935483869,578,3361236022254491
29,3,2.20718545867536,7.5,580,2747742860084635
30,317,3.6709633649929,6.51714285714287,581,3308768651428763
18,36,5.50543970988206,4.12274148052152,582,3081991224055315
3,214,5.80909090909113,7.17781424285743,583,3167756301945499
22,197,3.59047869542359,5.63513513513503,583,2765334576415563
24,14,6.91459100958034,1.5,584,3343625465163419
32,72,7.17174887892437,7.5,584,3344194430879675
18,37,7.5,7.05790195928953,585,3026985326266523
15,112,7.5,7.5,586,3326085908715291
5,201,5.42108626198161,3.65709192916844,586,3344088331830937
22,198,1.64518674381965,6.53237837837844,586,3168444134232731
8,46,7.5,3.92650787985792,587,3343660613125818
18,38,2.60426110607415,4.12274148052152,589,3309593234817947
18,39,6.01133272892115,4.38953266753069,589,3310967288809115
8,47,7.04175928866367,2.55050998365793,589,3081995217063257
13,13,5.64814814815063,7.32463157894725,590,3308460370086939
8,48,6.53397904096566,1.87428855870923,590,3310692746445211
30,318,3.98756218905432,6.68091428571433,591,3297498120360083
18,40,7.5,7.05790195928953,592,3026985326266523
32,73,1.56636771300476,4.11144578313252,592,3310692477486751
19,22,3.60240733664537,5.74920819152919,593,3027559979454875
30,319,6.02193577566731,6.31965714285713,596,830195420161560
3,215,5.80909090909113,7.17781424285743,597,3156898624422555
19,23,4.46217042415005,2.79836916963382,599,3361262634583227
18,41,3.24161378059887,5.40123503849974,601,8659266757782811
20,6,2.50430416068835,6.5001818181818,602,3343641654906515
30,320,5.86635006784209,4.48879999999996,603,3238266788431387
30,321,5.86635006784209,4.48879999999996,603,3310692612230811
8,49,6.87694506192463,7.5,603,3332682828009115
30,322,6.02193577566731,6.31965714285713,611,4470128898262739
8,50,7.35900285805009,4.20342055337456,611,2519045515038363
8,51,7.35900285805009,4.20342055337456,611,2519045515038363
10,7,4.38788221970546,5.37007792207787,613,7812092947130161
19,24,3.77435995414618,6.42070111935166,615,3909634525810427
15,113,3.14513658412059,2.08701639344265,616,2800520206796793
13,14,2.42386831275832,1.99136842105252,616,4401408079881627
18,42,5.03943789664505,7.5,618,2745509477142043
21,70,7.41329479768798,1.83105576372056,618,3310690447945627
21,71,7.41329479768798,1.83105576372056,618,2745509460364827
8,52,5.69180692283253,1.55488663899174,619,1039239229001371
5,202,5.42108626198161,3.65709192916844,620,3308493823985311
5,203,5.42108626198161,3.65709192916844,621,7251308135643067
18,43,7.120126926564,6.6042540214988,622,3346426673031067
18,44,6.14007252946433,3.67961424106124,622,3309043344787123
19,25,4.15609476499747,6.63445989809772,622,3343678095287967
3,216,1.75418181818298,5.4663760645902,622,4205695014463419
30,323,7.1535504296699,6.19519999999998,622,3363467240983707
20,7,2.50430416068835,6.5001818181818,623,3345868629001499
30,324,3.65558570782364,3.37965714285714,623,4489507707340763
17,8,4.87626689189226,4.05073296924392,624,3308459464215578
5,204,5.42108626198161,3.65709192916844,624,3310690582191666
15,114,3.74253255042115,6.3421545667447,625,3167753885501339
10,8,7.33691959229787,6.04675324675318,625,2748296910919320
18,45,1.50090661831336,3.16981779370281,626,3062195468125339
24,15,1.5,7.5,627,3346016755304379
22,199,4.13335086796405,4.39199999999995,627,7814260077416123
32,74,3.67399103138961,3.29568273092373,627,810935948080699
32,75,3.67399103138961,3.29568273092373,627,3308493790301851
24,16,7.19314664701549,1.65491228070178,628,3275508441439515
3,217,5.29963636363636,7.5,628,3293099553779611
31,1,7.5,7.5,628,8797805591415962
30,325,4.03369516056022,7.43988571428566,628,7796940403396251
30,326,4.98349163274494,2.75245714285713,629,3344227649474459
8,53,6.79501429025096,6.79627890376993,629,3310692729669307
31,2,1.5,1.5,630,2765333754285843
31,3,1.5,1.5,630,2765333771063059
18,46,7.45466908431538,6.61946329191131,631,4471742732750235
18,47,6.51813236627361,4.17991918883891,631,3275492116711354
29,4,2.01121840386307,2.80440242796346,631,3081999763654075
22,200,3.71251972646066,5.93254054054043,632,3326085984732891
22,201,3.71251972646066,5.93254054054043,632,3326085984732891
8,54,5.48602731025715,1.91181884779383,632,3311243156572043
8,55,6.62257859637927,7.15061893044309,632,1057232860798363
11,18,4.48198929092992,5.10417240867554,633,3291043002106419
11,19,4.48198929092992,5.10417240867554,633,3291038715527699
19,26,1.5,2.93611433517589,634,4434393395162810
5,205,5.42108626198161,3.65709192916844,634,2182550933494931
19,27,2.55120366832238,4.89735998268832,635,3343751160061723
10,9,7.27576443940913,5.99345454545451,638,3291176481885619
18,48,1.99954669084273,3.85595029351229,643,3167760596919227
19,28,6.81218952999554,2.81808077430013,644,3308494461387403
25,20,1.5,3.281806451613,646,3170633930040731
30,327,1.51537765716784,6.71897142857142,647,4292554432234139
5,206,1.82012779552708,6.29223891064236,648,3344088163993227
5,207,2.02715654952063,6.01943194436335,648,3275509045445531
17,9,4.94594594594682,4.41031905720044,649,3011592314471635
5,208,3.17731629392954,6.99354216585826,649,3309043553947291
5,209,3.17731629392954,6.99354216585826,649,3308493773655579
5,210,3.52907348242841,6.54540938577533,649,3326189057657499
8,56,6.37488091457535,1.70523320247196,650,2571958203763259
8,57,6.37488091457535,1.70523320247196,650,2571958203763227
11,20,5.81283465844495,7.5,652,7583393723991579
9,1,4.5,4.5,652,3273446488070907
19,29,6.4682842949945,7.30335608758083,653,4207893966278587
19,30,5.09151700420265,5.14204355438392,653,1058885466614971
30,328,4.01741293532254,5.9189714285714,653,3363469304062115
29,5,7.5,1.5,654,3029218944109467
15,115,2.63352055144354,5.41475409836061,657,8427823888660657
15,116,2.63352055144354,5.41475409836061,657,2798320059472019
5,211,2.95399361022445,6.52600666238095,658,3361241122506651
5,212,2.95399361022445,6.52600666238095,658,3361236835927963
21,72,5.60182303245884,6.85478656968628,660,7849579422469761
22,202,4.50157811678034,3.39194594594588,661,7814254927071921
16,6,2.31102783725834,4.33118644067791,662,3064402192158395
3,218,5.4981818181821,4.48592626895116,662,882422323137081
3,219,5.4981818181821,4.48592626895116,662,3134771901024795
18,49,5.03671804170449,2.6742014180072,663,3345876782992145
5,213,5.42108626198161,3.65709192916844,666,2748018560257723
11,21,5.81283465844495,7.5,668,2730150674096666
32,76,4.24170403587355,2.87738453815263,669,3344227918174137
25,21,5.39956172388569,1.54296774193549,670,7284465879273115
22,203,2.00289321409775,4.52562162162161,670,4436575523761817
32,77,5.31614349775773,6.53915662650603,670,3361270017060410
32,78,7.14125560538159,5.68022088353416,670,3308484109068827
32,79,7.14125560538159,5.68022088353416,670,3308484134226459
30,329,5.91157847127957,1.6275428571428,671,3310692478016794
24,17,6.6758290346354,5.30403508771935,672,3346012141441755
11,22,3.05476229109082,4.46813450081629,673,3346426572369875
11,23,5.52076910595498,6.60954692899696,676,3308734308478971
8,58,5.88234360114263,5.57468489959994,676,4436727642768841
8,59,3.66735471578293,7.21564889080905,678,8940189662897339
19,31,6.29633167749249,1.5,680,3135318058130171
32,80,3.60224215246612,3.62625502008037,684,3343815517455515
30,330,6.88218000904549,3.67142857142856,685,4451989976833498
21,73,5.60182303245884,6.85478656968628,688,3152363122389523
5,214,3.1936102236421,7.14934837239214,690,3344208489924283
18,50,5.50543970988206,4.12274148052152,692,3308493790286907
30,331,3.65558570782364,3.37965714285714,694,7832294728679963
30,332,3.65558570782364,3.37965714285714,694,7832294728679963
21,74,5.60182303245884,6.85478656968628,697,4469566107075643
21,75,5.60182303245884,6.85478656968628,697,900555549196819
20,8,2.60186513629867,6.68181818181818,697,2516845082756747
8,60,7.42664337885018,2.90631515675192,697,4469566107075643
8,61,7.42664337885018,2.90631515675192,697,882963623199251
6,3,1.5,1.5,698,4434393680336831
6,4,1.5,1.5,698,4434393680336831
18,51,6.27606527651771,6.67664100022876,700,3346002754719323
5,215,3.52907348242841,6.03895155163347,701,8975359522688702
5,216,1.82012779552708,6.29223891064236,741,3346013584147163
3,220,5.35418181818253,7.11741196367815,759,3203206970397723
5,217,2.17092651757212,4.46101922739761,768,3309455460321819
5,218,2.04345047923318,4.69478697913621,778,3346426941464091
5,219,2.88977635782807,7.1298287651219,786,3308493790301979
5,220,1.85175718849786,5.4156098416224,793,3310692813557147
3,221,3.70036363636478,2.20465298890607,795,3345876715884251
3,222,1.7727272727274,1.76178347796318,810,3310692813030939
3,223,1.7727272727274,1.76178347796318,810,3310692813030939
3,224,2.86363636363758,4.96310427446796,825,3311242200401307
3,225,2.86363636363758,4.96310427446796,825,3311242204595611
3,226,4.26327272727349,2.36580626975653,850,2800519418266267
